0 -- 1.000361,sec,1.00036096572876,sec,628432,bytes,5025641.915503484,bps,39582,sec
1.000361 -- 2.000204,sec,0.9998430013656616,sec,469152,bytes,3753805.342312315,bps,35104,sec
2.000204 -- 3.000193,sec,0.9999889731407166,sec,469152,bytes,3753257.386641057,bps,30833,sec
3.000193 -- 4.000291,sec,1.0000979900360107,sec,334488,bytes,2675641.8137623174,bps,30167,sec
4.000291 -- 5.000293,sec,1.0000020265579224,sec,503904,bytes,4031223.83049141,bps,38967,sec
5.000293 -- 6.000488,sec,1.000195026397705,sec,390960,bytes,3127070.1387754637,bps,38930,sec
6.000488 -- 7.000529,sec,1.0000410079956055,sec,390960,bytes,3127551.74537177,bps,37287,sec
7.000529 -- 8.000138,sec,0.9996089935302734,sec,586440,bytes,4693355.132221423,bps,41423,sec
8.000138 -- 9.000259,sec,1.000120997428894,sec,390960,bytes,3127301.604546474,bps,50319,sec
9.000259 -- 10.000308,sec,1.0000489950180054,sec,390960,bytes,3127526.76676975,bps,53846,sec
10.000308 -- 11.000368,sec,1.000059962272644,sec,390960,bytes,3127492.468443915,bps,34317,sec
11.000368 -- 12.000409,sec,1.0000410079956055,sec,390960,bytes,3127551.74537177,bps,43615,sec
12.000409 -- 13.000456,sec,1.000046968460083,sec,390960,bytes,3127533.104586219,bps,43488,sec
13.000456 -- 14.000517,sec,1.00006103515625,sec,390960,bytes,3127489.113213305,bps,51803,sec
14.000517 -- 15.000123,sec,0.9996060132980347,sec,586440,bytes,4693369.125022674,bps,39245,sec
15.000123 -- 16.000177,sec,1.0000540018081665,sec,390960,bytes,3127511.108745067,bps,44029,sec
16.000177 -- 17.00026,sec,1.0000829696655273,sec,390960,bytes,3127420.518965578,bps,46890,sec
17.00026 -- 18.000345,sec,1.00008499622345,sec,390960,bytes,3127414.1816054,bps,39919,sec
18.000345 -- 19.00042,sec,1.0000749826431274,sec,390960,bytes,3127445.4958704826,bps,47725,sec
19.00042 -- 20.000394,sec,0.999974012374878,sec,390960,bytes,3127761.2830876964,bps,44216,sec
20.000394 -- 21.000516,sec,1.0001219511032104,sec,390960,bytes,3127298.62248292,bps,45148,sec
21.000516 -- 22.000571,sec,1.000054955482483,sec,390960,bytes,3127508.126281951,bps,46610,sec
22.000571 -- 23.000187,sec,0.999616026878357,sec,586440,bytes,4693322.109541277,bps,40596,sec
23.000187 -- 24.000256,sec,1.00006902217865,sec,390960,bytes,3127464.13561171,bps,38906,sec
24.000256 -- 25.000326,sec,1.0000699758529663,sec,390960,bytes,3127461.1532381834,bps,38796,sec
25.000326 -- 26.00042,sec,1.0000940561294556,sec,390960,bytes,3127385.850191617,bps,50105,sec
26.00042 -- 27.000499,sec,1.0000790357589722,sec,390960,bytes,3127432.82097336,bps,54617,sec
27.000499 -- 28.000573,sec,1.000074028968811,sec,390960,bytes,3127448.478214148,bps,45639,sec
28.000573 -- 29.000193,sec,0.999620020389557,sec,586440,bytes,4693303.359582266,bps,37401,sec
29.000193 -- 30.000227,sec,1.000033974647522,sec,390960,bytes,3127573.7417845237,bps,43645,sec
30.000227 -- 31.000306,sec,1.0000790357589722,sec,390960,bytes,3127432.82097336,bps,46667,sec
31.000306 -- 32.000357,sec,1.0000510215759277,sec,390960,bytes,3127520.4289789675,bps,46645,sec
32.000357 -- 33.000439,sec,1.000082015991211,sec,390960,bytes,3127423.5012616077,bps,38266,sec
33.000439 -- 34.000489,sec,1.0000499486923218,sec,390960,bytes,3127523.78427677,bps,39741,sec
34.000489 -- 35.000513,sec,1.0000239610672,sec,390960,bytes,3127605.059245001,bps,47457,sec
35.000513 -- 36.000596,sec,1.0000829696655273,sec,390960,bytes,3127420.518965578,bps,47471,sec
36.000596 -- 37.000594,sec,0.9999979734420776,sec,390960,bytes,3127686.338437528,bps,46026,sec
37.000594 -- 38.000599,sec,1.0000050067901611,sec,390960,bytes,3127664.340440953,bps,49841,sec
38.000599 -- 39.000144,sec,0.9995449781417847,sec,586440,bytes,4693655.715945693,bps,38749,sec
39.000144 -- 40.000192,sec,1.000048041343689,sec,390960,bytes,3127529.7492684177,bps,44724,sec
40.000192 -- 41.00019,sec,0.9999979734420776,sec,390960,bytes,3127686.338437528,bps,58289,sec
41.00019 -- 42.000157,sec,0.9999669790267944,sec,390960,bytes,3127783.2824479626,bps,43433,sec
42.000157 -- 43.000583,sec,1.0004260540008545,sec,195480,bytes,1563174.0034617933,bps,53137,sec
43.000583 -- 44.000409,sec,0.9998260140419006,sec,390960,bytes,3128224.26709626,bps,51227,sec
44.000409 -- 45.00025,sec,0.9998409748077393,sec,390960,bytes,3128177.4590218468,bps,47903,sec
45.00025 -- 46.000275,sec,1.0000250339508057,sec,390960,bytes,3127601.703772808,bps,36543,sec
46.000275 -- 47.000313,sec,1.0000380277633667,sec,390960,bytes,3127561.065847873,bps,44777,sec
47.000313 -- 48.000385,sec,1.0000720024108887,sec,390960,bytes,3127454.815713323,bps,43076,sec
48.000385 -- 49.000373,sec,0.9999880194664,sec,390960,bytes,3127717.471724261,bps,39215,sec
49.000373 -- 50.000436,sec,1.0000629425048828,sec,390960,bytes,3127483.1483766623,bps,40431,sec
50.000436 -- 51.000618,sec,1.000182032585144,sec,390960,bytes,3127110.7639436075,bps,48689,sec
51.000618 -- 52.000511,sec,0.9998930096626282,sec,390960,bytes,3128014.667344563,bps,40707,sec
52.000511 -- 53.000569,sec,1.0000580549240112,sec,390960,bytes,3127498.433316109,bps,45936,sec
53.000569 -- 54.000473,sec,0.999903976917267,sec,390960,bytes,3127980.3583167344,bps,54881,sec
54.000473 -- 55.00012,sec,0.99964702129364,sec,390960,bytes,3128784.3942679674,bps,42084,sec
55.00012 -- 56.000557,sec,1.0004370212554932,sec,195480,bytes,1563156.8672233534,bps,64217,sec
56.000557 -- 57.000245,sec,0.9996880292892456,sec,390960,bytes,3128656.0490513286,bps,47567,sec
57.000245 -- 58.000153,sec,0.9999079704284668,sec,390960,bytes,3127967.8655424356,bps,47567,sec
58.000153 -- 59.000147,sec,0.9999939799308777,sec,390960,bytes,3127698.828963144,bps,42870,sec
59.000147 -- 60.00019,sec,1.0000430345535278,sec,390960,bytes,3127545.407479751,bps,48669,sec
60.00019 -- 61.000231,sec,1.0000410079956055,sec,390960,bytes,3127551.74537177,bps,50111,sec
61.000231 -- 62.000305,sec,1.000074028968811,sec,390960,bytes,3127448.478214148,bps,39251,sec
62.000305 -- 63.000303,sec,0.9999979734420776,sec,390960,bytes,3127686.338437528,bps,49073,sec
63.000303 -- 64.00033,sec,1.0000269412994385,sec,390960,bytes,3127595.7385066864,bps,45158,sec
64.00033 -- 65.000307,sec,0.9999769926071167,sec,390960,bytes,3127751.961418218,bps,47686,sec
65.000307 -- 66.000286,sec,0.999979019165039,sec,390960,bytes,3127745.62271471,bps,44056,sec
66.000286 -- 67.000262,sec,0.9999759793281555,sec,390960,bytes,3127755.1307796063,bps,45466,sec
67.000262 -- 68.000192,sec,0.9999300241470337,sec,390960,bytes,3127898.8773919377,bps,49757,sec
68.000192 -- 69.000451,sec,1.0002590417861938,sec,195480,bytes,1563435.0050037059,bps,54375,sec
69.000451 -- 70.000481,sec,1.0000300407409668,sec,456120,bytes,3648850.3858307325,bps,65966,sec
70.000481 -- 71.000651,sec,1.0001699924468994,sec,260640,bytes,2084765.6055934934,bps,53843,sec
71.000651 -- 72.000261,sec,0.9996100068092346,sec,521280,bytes,4171866.9997226708,bps,116276,sec
72.000261 -- 73.000611,sec,1.000349998474121,sec,260640,bytes,2084390.4665172463,bps,48363,sec
73.000611 -- 74.000407,sec,0.999795973300934,sec,521280,bytes,4171091.013931077,bps,65456,sec
74.000407 -- 75.000152,sec,0.999745011329651,sec,521280,bytes,4171303.635167554,bps,50678,sec
75.000152 -- 76.000492,sec,1.0003399848937988,sec,260640,bytes,2084411.331634781,bps,44662,sec
76.000492 -- 77.000273,sec,0.9997810125350952,sec,521280,bytes,4171153.4303154335,bps,48238,sec
77.000273 -- 78.000674,sec,1.0004010200500488,sec,260640,bytes,2084284.1602617358,bps,47120,sec
78.000674 -- 79.000466,sec,0.999791979789734,sec,521280,bytes,4171107.674695533,bps,58468,sec
79.000466 -- 80.000218,sec,0.9997519850730896,sec,521280,bytes,4171274.538349752,bps,56976,sec
80.000218 -- 81.000582,sec,1.0003639459609985,sec,260640,bytes,2084361.4050853578,bps,49537,sec
81.000582 -- 82.00024,sec,0.9996579885482788,sec,521280,bytes,4171666.7578039337,bps,52348,sec
82.00024 -- 83.000662,sec,1.00042200088501,sec,260640,bytes,2084240.4486860812,bps,44657,sec
83.000662 -- 84.000403,sec,0.999741017818451,sec,521280,bytes,4171320.29763062,bps,49769,sec
84.000403 -- 85.000273,sec,0.999870002269745,sec,521280,bytes,4170782.192218377,bps,52388,sec
85.000273 -- 86.000694,sec,1.0004210472106934,sec,260640,bytes,2084242.4355361087,bps,49155,sec
86.000694 -- 87.000466,sec,0.999772012233734,sec,521280,bytes,4171190.980514316,bps,46842,sec
87.000466 -- 88.000281,sec,0.9998149871826172,sec,521280,bytes,4171011.690624219,bps,51188,sec
88.000281 -- 89.000675,sec,1.0003939867019653,sec,260640,bytes,2084298.813984368,bps,52273,sec
89.000675 -- 90.000489,sec,0.999813973903656,sec,521280,bytes,4171015.917808979,bps,50306,sec
90.000489 -- 91.000187,sec,0.999697983264923,sec,521280,bytes,4171499.862768927,bps,61535,sec
91.000187 -- 92.00063,sec,1.0004429817199707,sec,260640,bytes,2084196.7389438252,bps,47140,sec
92.00063 -- 93.000454,sec,0.9998239874839783,sec,521280,bytes,4170974.143653286,bps,45453,sec
93.000454 -- 94.000266,sec,0.9998120069503784,sec,521280,bytes,4171024.12354503,bps,51969,sec
94.000266 -- 95.000599,sec,1.0003329515457153,sec,260640,bytes,2084425.9871456507,bps,65330,sec
95.000599 -- 96.000346,sec,0.9997469782829285,sec,521280,bytes,4171295.428331689,bps,49237,sec
96.000346 -- 97.000194,sec,0.9998480081558228,sec,521280,bytes,4170873.938821792,bps,58262,sec
97.000194 -- 98.000578,sec,1.000383973121643,sec,260640,bytes,2084319.6772670178,bps,44724,sec
98.000578 -- 99.000331,sec,0.9997529983520508,sec,521280,bytes,4171270.31064077,bps,44377,sec
99.000331 -- 100.000701,sec,1.0003700256347656,sec,260640,bytes,2084348.7375353205,bps,45607,sec
100.000701 -- 101.000488,sec,0.9997869729995728,sec,521280,bytes,4171128.563006174,bps,44238,sec
101.000488 -- 102.000287,sec,0.9997990131378174,sec,521280,bytes,4171078.3319458556,bps,50730,sec
102.000287 -- 103.000715,sec,1.0004279613494873,sec,260640,bytes,2084228.0309592313,bps,52333,sec
103.000715 -- 104.000507,sec,0.999791979789734,sec,521280,bytes,4171107.674695533,bps,42071,sec
104.000507 -- 105.000277,sec,0.9997699856758118,sec,521280,bytes,4171199.4356192383,bps,50593,sec
105.000277 -- 106.000622,sec,1.00034499168396,sec,260640,bytes,2084400.899023798,bps,51112,sec
106.000622 -- 107.000534,sec,0.9999120235443115,sec,521280,bytes,4170606.91521447,bps,43769,sec
107.000534 -- 108.000288,sec,0.999754011631012,sec,521280,bytes,4171266.0829403577,bps,47116,sec
108.000288 -- 109.000691,sec,1.0004030466079712,sec,260640,bytes,2084279.93804091,bps,50228,sec
109.000691 -- 110.000453,sec,0.999761998653412,sec,521280,bytes,4171232.759013578,bps,55213,sec
110.000453 -- 111.000238,sec,0.999785006046295,sec,521280,bytes,4171136.769185451,bps,55976,sec
111.000238 -- 112.000644,sec,1.00040602684021,sec,260640,bytes,2084273.7289237124,bps,45690,sec
112.000644 -- 113.000449,sec,0.999804973602295,sec,521280,bytes,4171053.465532018,bps,49034,sec
113.000449 -- 114.000225,sec,0.999776005744934,sec,521280,bytes,4171174.3190843533,bps,55153,sec
114.000225 -- 115.000659,sec,1.0004340410232544,sec,260640,bytes,2084215.3650302796,bps,48717,sec
115.000659 -- 116.00049,sec,0.9998310208320618,sec,521280,bytes,4170944.80278229,bps,44653,sec
116.00049 -- 117.000158,sec,0.999668002128601,sec,521280,bytes,4171624.970610517,bps,55550,sec
117.000158 -- 118.000605,sec,1.0004470348358154,sec,260640,bytes,2084188.2952276345,bps,49063,sec
118.000605 -- 119.0004,sec,0.9997950196266174,sec,521280,bytes,4171094.992609,bps,60042,sec
119.0004 -- 120.000157,sec,0.9997569918632507,sec,521280,bytes,4171253.64857705,bps,46050,sec
120.000157 -- 121.00061,sec,1.000452995300293,sec,260640,bytes,2084175.8781222266,bps,71223,sec
121.00061 -- 122.00039,sec,0.999779999256134,sec,521280,bytes,4171157.6577874953,bps,47780,sec
122.00039 -- 123.000119,sec,0.9997289776802063,sec,521280,bytes,4171370.5345189846,bps,48703,sec
123.000119 -- 124.00056,sec,1.0004409551620483,sec,260640,bytes,2084200.960827577,bps,62360,sec
124.00056 -- 125.000236,sec,0.999675989151001,sec,521280,bytes,4171591.6409492614,bps,55787,sec
125.000236 -- 126.00065,sec,1.00041401386261,sec,260640,bytes,2084257.0886720468,bps,62704,sec
126.00065 -- 127.000441,sec,0.9997910261154175,sec,521280,bytes,4171111.65340524,bps,42618,sec
127.000441 -- 128.000235,sec,0.9997940063476562,sec,521280,bytes,4171099.219962608,bps,48858,sec
128.000235 -- 129.000618,sec,1.0003830194473267,sec,260640,bytes,2084321.664268101,bps,54337,sec
129.000618 -- 130.000426,sec,0.9998080134391785,sec,521280,bytes,4171040.7837751233,bps,52352,sec
130.000426 -- 131.000201,sec,0.999774992465973,sec,521280,bytes,4171178.546598757,bps,47360,sec
131.000201 -- 132.000654,sec,1.000452995300293,sec,260640,bytes,2084175.8781222266,bps,54714,sec
132.000654 -- 133.000467,sec,0.9998130202293396,sec,521280,bytes,4171019.896343638,bps,44471,sec
133.000467 -- 134.000278,sec,0.9998109936714172,sec,521280,bytes,4171028.3507549907,bps,48007,sec
134.000278 -- 135.000679,sec,1.0004010200500488,sec,260640,bytes,2084284.1602617358,bps,49890,sec
135.000679 -- 136.00049,sec,0.9998109936714172,sec,521280,bytes,4171028.3507549907,bps,51092,sec
136.00049 -- 137.000309,sec,0.999818980693817,sec,521280,bytes,4170995.0306265363,bps,47381,sec
137.000309 -- 138.000741,sec,1.000432014465332,sec,260640,bytes,2084219.5869894922,bps,47641,sec
138.000741 -- 139.000377,sec,0.9996359944343567,sec,521280,bytes,4171758.5433282917,bps,50576,sec
139.000377 -- 140.000248,sec,0.999871015548706,sec,521280,bytes,4170777.96550735,bps,51094,sec
140.000248 -- 141.000623,sec,1.0003750324249268,sec,260640,bytes,2084338.3055509015,bps,51300,sec
141.000623 -- 142.000467,sec,0.9998440146446228,sec,521280,bytes,4170890.5978521453,bps,53065,sec
142.000467 -- 143.000258,sec,0.9997910261154175,sec,521280,bytes,4171111.65340524,bps,50557,sec
143.000258 -- 144.000688,sec,1.00042998790741,sec,260640,bytes,2084223.8089658094,bps,48232,sec
144.000688 -- 145.000476,sec,0.999787986278534,sec,521280,bytes,4171124.3355930867,bps,47486,sec
145.000476 -- 146.000302,sec,0.9998260140419006,sec,521280,bytes,4170965.68946168,bps,43738,sec
146.000302 -- 147.000687,sec,1.000385046005249,sec,260640,bytes,2084317.4418953273,bps,43075,sec
147.000687 -- 148.000497,sec,0.999809980392456,sec,521280,bytes,4171032.57797352,bps,47082,sec
148.000497 -- 149.00023,sec,0.9997329711914062,sec,521280,bytes,4171353.871654571,bps,48399,sec
149.00023 -- 150.000694,sec,1.0004639625549316,sec,260640,bytes,2084153.0310348526,bps,46727,sec
150.000694 -- 151.000516,sec,0.9998220205307007,sec,521280,bytes,4170982.349224972,bps,47000,sec
151.000516 -- 152.000295,sec,0.999778985977173,sec,521280,bytes,4171161.885268126,bps,57379,sec
152.000295 -- 153.000652,sec,1.0003570318222046,sec,260640,bytes,2084375.8115058588,bps,51938,sec
153.000652 -- 154.000422,sec,0.9997699856758118,sec,521280,bytes,4171199.4356192383,bps,58992,sec
154.000422 -- 155.000815,sec,1.000393033027649,sec,260640,bytes,2084300.8009456731,bps,47760,sec
155.000815 -- 156.000546,sec,0.9997310042381287,sec,521280,bytes,4171362.0787204066,bps,67176,sec
156.000546 -- 157.000351,sec,0.999804973602295,sec,521280,bytes,4171053.465532018,bps,46568,sec
157.000351 -- 158.000154,sec,0.9998030066490173,sec,521280,bytes,4171061.6714158077,bps,55429,sec
158.000154 -- 159.000444,sec,1.000290036201477,sec,260640,bytes,2084515.4150670937,bps,57961,sec
159.000444 -- 160.000352,sec,0.9999079704284668,sec,521280,bytes,4170623.8207232472,bps,52312,sec
160.000352 -- 161.000199,sec,0.9998469948768616,sec,521280,bytes,4170878.1657273425,bps,51551,sec
161.000199 -- 162.00055,sec,1.0003509521484375,sec,260640,bytes,2084388.4793849816,bps,57229,sec
162.00055 -- 163.000409,sec,0.9998589754104614,sec,521280,bytes,4170828.1893334365,bps,49857,sec
163.000409 -- 164.000225,sec,0.9998160004615784,sec,521280,bytes,4171007.4634480276,bps,60094,sec
164.000225 -- 165.000625,sec,1.0003999471664429,sec,260640,bytes,2084286.3955620395,bps,44158,sec
165.000625 -- 166.000408,sec,0.9997829794883728,sec,521280,bytes,4171145.2240706,bps,71740,sec
166.000408 -- 167.000194,sec,0.9997860193252563,sec,521280,bytes,4171132.54175573,bps,54936,sec
167.000194 -- 168.000546,sec,1.0003520250320435,sec,260640,bytes,2084386.2438657123,bps,46807,sec
168.000546 -- 169.000385,sec,0.9998390078544617,sec,521280,bytes,4170911.4839886576,bps,56503,sec
169.000385 -- 170.000152,sec,0.999767005443573,sec,521280,bytes,4171211.8696593344,bps,51275,sec
170.000152 -- 171.000587,sec,1.0004349946975708,sec,260640,bytes,2084213.378231863,bps,48942,sec
171.000587 -- 172.000396,sec,0.9998090267181396,sec,521280,bytes,4171036.556539962,bps,62167,sec
172.000396 -- 173.000192,sec,0.999795973300934,sec,521280,bytes,4171091.013931077,bps,48363,sec
173.000192 -- 174.000598,sec,1.00040602684021,sec,260640,bytes,2084273.7289237124,bps,55652,sec
174.000598 -- 175.000394,sec,0.999795973300934,sec,521280,bytes,4171091.013931077,bps,49769,sec
175.000394 -- 176.000201,sec,0.9998070001602173,sec,521280,bytes,4171045.011018853,bps,56823,sec
176.000201 -- 177.000618,sec,1.0004169940948486,sec,260640,bytes,2084250.879690986,bps,43730,sec
177.000618 -- 178.000439,sec,0.9998210072517395,sec,521280,bytes,4170986.5763502587,bps,51781,sec
178.000439 -- 179.00022,sec,0.9997810125350952,sec,521280,bytes,4171153.4303154335,bps,52214,sec
179.00022 -- 180.000678,sec,1.000458002090454,sec,260640,bytes,2084165.4478680242,bps,43125,sec
180.000678 -- 181.00048,sec,0.999801993370056,sec,521280,bytes,4171065.8987018755,bps,45998,sec
181.00048 -- 182.000211,sec,0.9997310042381287,sec,521280,bytes,4171362.0787204066,bps,50731,sec
182.000211 -- 183.000663,sec,1.0004520416259766,sec,260640,bytes,2084177.8648491492,bps,52043,sec
183.000663 -- 184.000474,sec,0.9998109936714172,sec,521280,bytes,4171028.3507549907,bps,51314,sec
184.000474 -- 185.000194,sec,0.9997199773788452,sec,521280,bytes,4171408.0886268835,bps,59455,sec
185.000194 -- 186.000562,sec,1.0003679990768433,sec,260640,bytes,2084352.9600348917,bps,57531,sec
186.000562 -- 187.000365,sec,0.9998030066490173,sec,521280,bytes,4171061.6714158077,bps,49166,sec
187.000365 -- 188.000192,sec,0.9998270273208618,sec,521280,bytes,4170961.46237873,bps,51239,sec
188.000192 -- 189.000572,sec,1.000380039215088,sec,260640,bytes,2084327.8736709042,bps,58320,sec
189.000572 -- 190.000361,sec,0.999788999557495,sec,521280,bytes,4171120.1081885686,bps,56268,sec
190.000361 -- 191.000154,sec,0.999792993068695,sec,521280,bytes,4171103.4473247863,bps,54254,sec
191.000154 -- 192.000491,sec,1.00033700466156,sec,260640,bytes,2084417.5415718528,bps,51576,sec
192.000491 -- 193.000349,sec,0.999858021736145,sec,521280,bytes,4170832.1675099735,bps,47356,sec
193.000349 -- 194.000192,sec,0.9998430013656616,sec,521280,bytes,4170894.824791461,bps,48386,sec
194.000192 -- 195.000494,sec,1.0003019571304321,sec,260640,bytes,2084490.5732081013,bps,44430,sec
195.000494 -- 196.00031,sec,0.9998160004615784,sec,521280,bytes,4171007.4634480276,bps,46459,sec
196.00031 -- 197.000737,sec,1.000427007675171,sec,260640,bytes,2084230.017785584,bps,44278,sec
197.000737 -- 198.000489,sec,0.9997519850730896,sec,521280,bytes,4171274.538349752,bps,39516,sec
198.000489 -- 199.000294,sec,0.999804973602295,sec,521280,bytes,4171053.465532018,bps,57858,sec
199.000294 -- 200.000642,sec,1.0003479719161987,sec,260640,bytes,2084394.6891858894,bps,41160,sec
200.000642 -- 201.000474,sec,0.9998319745063782,sec,521280,bytes,4170940.824390886,bps,43713,sec
201.000474 -- 202.000207,sec,0.9997329711914062,sec,521280,bytes,4171353.871654571,bps,52188,sec
202.000207 -- 203.000667,sec,1.0004600286483765,sec,260640,bytes,2084161.2261281456,bps,44947,sec
203.000667 -- 204.000475,sec,0.9998080134391785,sec,521280,bytes,4171040.7837751233,bps,40012,sec
204.000475 -- 205.000309,sec,0.9998340010643005,sec,521280,bytes,4170932.37033435,bps,54220,sec
205.000309 -- 206.000722,sec,1.000412940979004,sec,260640,bytes,2084259.3239142848,bps,46410,sec
206.000722 -- 207.00051,sec,0.999787986278534,sec,521280,bytes,4171124.3355930867,bps,44372,sec
207.00051 -- 208.000331,sec,0.9998210072517395,sec,521280,bytes,4170986.5763502587,bps,43250,sec
208.000331 -- 209.000733,sec,1.0004019737243652,sec,260640,bytes,2084282.1733321575,bps,60615,sec
209.000733 -- 210.000503,sec,0.9997699856758118,sec,521280,bytes,4171199.4356192383,bps,45626,sec
210.000503 -- 211.000346,sec,0.9998430013656616,sec,521280,bytes,4170894.824791461,bps,58282,sec
211.000346 -- 212.000665,sec,1.000319004058838,sec,260640,bytes,2084455.0503784642,bps,48913,sec
212.000665 -- 213.000532,sec,0.999867022037506,sec,521280,bytes,4170794.62377105,bps,46585,sec
213.000532 -- 214.00032,sec,0.999787986278534,sec,521280,bytes,4171124.3355930867,bps,43294,sec
214.00032 -- 215.000705,sec,1.000385046005249,sec,260640,bytes,2084317.4418953273,bps,53047,sec
215.000705 -- 216.000428,sec,0.9997230172157288,sec,521280,bytes,4171395.404713494,bps,50481,sec
216.000428 -- 217.000231,sec,0.9998030066490173,sec,521280,bytes,4171061.6714158077,bps,57535,sec
217.000231 -- 218.000607,sec,1.0003759860992432,sec,260640,bytes,2084336.3185180896,bps,50882,sec
218.000607 -- 219.000449,sec,0.9998419880867004,sec,521280,bytes,4170899.051739345,bps,59466,sec
219.000449 -- 220.000177,sec,0.99972802400589,sec,521280,bytes,4171374.513730177,bps,63609,sec
220.000177 -- 221.000642,sec,1.0004650354385376,sec,260640,bytes,2084150.7960205942,bps,44374,sec
221.000642 -- 222.000453,sec,0.9998109936714172,sec,521280,bytes,4171028.3507549907,bps,55625,sec
222.000453 -- 223.000231,sec,0.9997779726982117,sec,521280,bytes,4171166.1127573266,bps,49303,sec
223.000231 -- 224.000517,sec,1.0002859830856323,sec,260640,bytes,2084523.861434033,bps,53342,sec
224.000517 -- 225.000421,sec,0.999903976917267,sec,521280,bytes,4170640.4777556458,bps,69032,sec
225.000421 -- 226.000235,sec,0.999813973903656,sec,521280,bytes,4171015.917808979,bps,55710,sec
226.000235 -- 227.000639,sec,1.0004040002822876,sec,260640,bytes,2084277.951119382,bps,47465,sec
227.000639 -- 228.000422,sec,0.9997829794883728,sec,521280,bytes,4171145.2240706,bps,51546,sec
228.000422 -- 229.000154,sec,0.99973201751709,sec,521280,bytes,4171357.8508339734,bps,41196,sec
229.000154 -- 230.000505,sec,1.0003509521484375,sec,260640,bytes,2084388.4793849816,bps,57222,sec
230.000505 -- 231.000396,sec,0.9998909831047058,sec,521280,bytes,4170694.6761848177,bps,58170,sec
231.000396 -- 232.000194,sec,0.9997979998588562,sec,521280,bytes,4171082.559265694,bps,52594,sec
232.000194 -- 233.00057,sec,1.0003759860992432,sec,260640,bytes,2084336.3185180896,bps,58429,sec
233.00057 -- 234.00038,sec,0.999809980392456,sec,521280,bytes,4171032.57797352,bps,61587,sec
234.00038 -- 235.000162,sec,0.9997820258140564,sec,521280,bytes,4171149.202851941,bps,53739,sec
235.000162 -- 236.000527,sec,1.0003650188446045,sec,260640,bytes,2084359.169624163,bps,61514,sec
236.000527 -- 237.00038,sec,0.999853014945984,sec,521280,bytes,4170853.0530612976,bps,62624,sec
237.00038 -- 238.000159,sec,0.999778985977173,sec,521280,bytes,4171161.885268126,bps,66555,sec
238.000159 -- 239.000551,sec,1.000391960144043,sec,260640,bytes,2084303.03628167,bps,53594,sec
239.000551 -- 240.000475,sec,0.9999240040779114,sec,521280,bytes,4170556.9453206826,bps,52837,sec
240.000475 -- 241.000206,sec,0.9997310042381287,sec,521280,bytes,4171362.0787204066,bps,49019,sec
241.000206 -- 242.00057,sec,1.0003639459609985,sec,260640,bytes,2084361.4050853578,bps,48927,sec
242.00057 -- 243.000381,sec,0.9998109936714172,sec,521280,bytes,4171028.3507549907,bps,52383,sec
243.000381 -- 244.000162,sec,0.9997810125350952,sec,521280,bytes,4171153.4303154335,bps,63725,sec
244.000162 -- 245.000457,sec,1.0002950429916382,sec,260640,bytes,2084504.9814141989,bps,54987,sec
245.000457 -- 246.000283,sec,0.9998260140419006,sec,521280,bytes,4170965.68946168,bps,55514,sec
246.000283 -- 247.000643,sec,1.0003600120544434,sec,260640,bytes,2084369.6018174305,bps,57516,sec
247.000643 -- 248.000447,sec,0.9998040199279785,sec,521280,bytes,4171057.444138308,bps,49856,sec
248.000447 -- 249.000204,sec,0.9997569918632507,sec,521280,bytes,4171253.64857705,bps,53092,sec
249.000204 -- 250.000653,sec,1.0004489421844482,sec,260640,bytes,2084184.3217378063,bps,49002,sec
250.000653 -- 251.000472,sec,0.999818980693817,sec,521280,bytes,4170995.0306265363,bps,44186,sec
251.000472 -- 252.000278,sec,0.999805986881256,sec,521280,bytes,4171049.238271151,bps,55919,sec
252.000278 -- 253.000656,sec,1.0003780126571655,sec,260640,bytes,2084332.096085943,bps,45549,sec
253.000656 -- 254.000475,sec,0.999818980693817,sec,521280,bytes,4170995.0306265363,bps,47169,sec
254.000475 -- 255.000233,sec,0.999758005142212,sec,521280,bytes,4171249.420910412,bps,51623,sec
255.000233 -- 256.000639,sec,1.00040602684021,sec,260640,bytes,2084273.7289237124,bps,50823,sec
256.000639 -- 257.000448,sec,0.9998090267181396,sec,521280,bytes,4171036.556539962,bps,45931,sec
257.000448 -- 258.000255,sec,0.9998070001602173,sec,521280,bytes,4171045.011018853,bps,53306,sec
258.000255 -- 259.00063,sec,1.0003750324249268,sec,260640,bytes,2084338.3055509015,bps,47120,sec
259.00063 -- 260.000443,sec,0.9998130202293396,sec,521280,bytes,4171019.896343638,bps,60383,sec
260.000443 -- 261.000283,sec,0.999840021133423,sec,521280,bytes,4170907.2570155757,bps,42148,sec
261.000283 -- 262.000647,sec,1.0003639459609985,sec,260640,bytes,2084361.4050853578,bps,46815,sec
262.000647 -- 263.000465,sec,0.9998180270195007,sec,521280,bytes,4170999.009121349,bps,43981,sec
263.000465 -- 264.000282,sec,0.9998170137405396,sec,521280,bytes,4171003.2362804045,bps,57559,sec
264.000282 -- 265.000606,sec,1.000324010848999,sec,260640,bytes,2084444.6173298475,bps,50972,sec
265.000606 -- 266.000471,sec,0.9998649954795837,sec,521280,bytes,4170803.0772691974,bps,42740,sec
266.000471 -- 267.000235,sec,0.9997640252113342,sec,521280,bytes,4171224.30377356,bps,50546,sec
267.000235 -- 268.000639,sec,1.0004040002822876,sec,260640,bytes,2084277.951119382,bps,45901,sec
268.000639 -- 269.000349,sec,0.9997100234031677,sec,521280,bytes,4171449.622765467,bps,64546,sec
269.000349 -- 270.000241,sec,0.999891996383667,sec,521280,bytes,4170690.4496511677,bps,64441,sec
270.000241 -- 271.000666,sec,1.0004249811172485,sec,260640,bytes,2084234.23980416,bps,45963,sec
271.000666 -- 272.000371,sec,0.9997050166130066,sec,521280,bytes,4171470.51450111,bps,49923,sec
272.000371 -- 273.000275,sec,0.999903976917267,sec,521280,bytes,4170640.4777556458,bps,46976,sec
273.000275 -- 274.000707,sec,1.000432014465332,sec,260640,bytes,2084219.5869894922,bps,46841,sec
274.000707 -- 275.000361,sec,0.999653995037079,sec,521280,bytes,4171683.423168152,bps,66769,sec
275.000361 -- 276.000154,sec,0.999792993068695,sec,521280,bytes,4171103.4473247863,bps,45781,sec
276.000154 -- 277.000605,sec,1.0004509687423706,sec,260640,bytes,2084180.0999214647,bps,64513,sec
277.000605 -- 278.000339,sec,0.9997339844703674,sec,521280,bytes,4171349.643784774,bps,47532,sec
278.000339 -- 279.000742,sec,1.0004030466079712,sec,260640,bytes,2084279.93804091,bps,58421,sec
279.000742 -- 280.00056,sec,0.9998180270195007,sec,521280,bytes,4170999.009121349,bps,41530,sec
280.00056 -- 281.000329,sec,0.9997689723968506,sec,521280,bytes,4171203.6631845534,bps,43821,sec
281.000329 -- 282.000738,sec,1.0004090070724487,sec,260640,bytes,2084267.5198435087,bps,46914,sec
282.000738 -- 283.000528,sec,0.9997900128364563,sec,521280,bytes,4171115.88079262,bps,54130,sec
283.000528 -- 284.000338,sec,0.999809980392456,sec,521280,bytes,4171032.57797352,bps,45401,sec
284.000338 -- 285.000193,sec,0.9998549818992615,sec,521280,bytes,4170844.8479983318,bps,55791,sec
285.000193 -- 286.00056,sec,1.0003670454025269,sec,260640,bytes,2084354.947099433,bps,45588,sec
286.00056 -- 287.0004,sec,0.999840021133423,sec,521280,bytes,4170907.2570155757,bps,61867,sec
287.0004 -- 288.000155,sec,0.999755024909973,sec,521280,bytes,4171261.855248515,bps,47667,sec
288.000155 -- 289.000573,sec,1.000417947769165,sec,260640,bytes,2084248.8928248591,bps,51524,sec
289.000573 -- 290.000417,sec,0.9998440146446228,sec,521280,bytes,4170890.5978521453,bps,58312,sec
290.000417 -- 291.000156,sec,0.9997389912605286,sec,521280,bytes,4171328.753259809,bps,51646,sec
291.000156 -- 292.000644,sec,1.000488042831421,sec,260640,bytes,2084102.8685350677,bps,79513,sec
292.000644 -- 293.000341,sec,0.9996970295906067,sec,521280,bytes,4171503.8422268652,bps,67185,sec
293.000341 -- 294.000648,sec,1.0003069639205933,sec,260640,bytes,2084480.139803887,bps,48012,sec
294.000648 -- 295.000485,sec,0.9998369812965393,sec,521280,bytes,4170919.9379605246,bps,45152,sec
295.000485 -- 296.000317,sec,0.9998319745063782,sec,521280,bytes,4170940.824390886,bps,48083,sec
296.000317 -- 297.000154,sec,0.9998369812965393,sec,521280,bytes,4170919.9379605246,bps,50763,sec
297.000154 -- 298.000611,sec,1.0004570484161377,sec,260640,bytes,2084167.4345750618,bps,43473,sec
298.000611 -- 299.0004,sec,0.999788999557495,sec,521280,bytes,4171120.1081885686,bps,61182,sec
299.0004 -- 300.00023,sec,0.9998300075531006,sec,521280,bytes,4170949.0298314737,bps,57687,sec
300.00023 -- 301.000611,sec,1.0003809928894043,sec,260640,bytes,2084325.886657982,bps,48959,sec
301.000611 -- 302.000444,sec,0.9998329877853394,sec,521280,bytes,4170936.597358334,bps,48744,sec
302.000444 -- 303.000257,sec,0.9998130202293396,sec,521280,bytes,4171019.896343638,bps,60122,sec
303.000257 -- 304.000608,sec,1.0003509521484375,sec,260640,bytes,2084388.4793849816,bps,41896,sec
304.000608 -- 305.000466,sec,0.999858021736145,sec,521280,bytes,4170832.1675099735,bps,56761,sec
305.000466 -- 306.000144,sec,0.9996780157089233,sec,521280,bytes,4171583.18425425,bps,46915,sec
306.000144 -- 307.000615,sec,1.0004709959030151,sec,260640,bytes,2084138.3793620039,bps,54709,sec
307.000615 -- 308.000374,sec,0.999759018421173,sec,521280,bytes,4171245.193252344,bps,51660,sec
308.000374 -- 309.000651,sec,1.000277042388916,sec,260640,bytes,2084542.4933678405,bps,52453,sec
309.000651 -- 310.000454,sec,0.9998030066490173,sec,521280,bytes,4171061.6714158077,bps,47863,sec
310.000454 -- 311.00034,sec,0.9998859763145447,sec,521280,bytes,4170715.560359178,bps,48377,sec
311.00034 -- 312.000191,sec,0.9998509883880615,sec,521280,bytes,4170861.5067963,bps,46610,sec
312.000191 -- 313.000562,sec,1.000370979309082,sec,260640,bytes,2084346.7504826186,bps,51691,sec
313.000562 -- 314.000369,sec,0.9998070001602173,sec,521280,bytes,4171045.011018853,bps,56386,sec
314.000369 -- 315.000778,sec,1.0004090070724487,sec,260640,bytes,2084267.5198435087,bps,45221,sec
315.000778 -- 316.000479,sec,0.9997010231018066,sec,521280,bytes,4171487.178297421,bps,57530,sec
316.000479 -- 317.000257,sec,0.9997779726982117,sec,521280,bytes,4171166.1127573266,bps,56308,sec
317.000257 -- 318.000651,sec,1.0003939867019653,sec,260640,bytes,2084298.813984368,bps,46614,sec
318.000651 -- 319.000391,sec,0.9997400045394897,sec,521280,bytes,4171324.52544093,bps,59506,sec
319.000391 -- 320.000157,sec,0.9997659921646118,sec,521280,bytes,4171216.097249854,bps,54335,sec
320.000157 -- 321.000611,sec,1.0004539489746094,sec,260640,bytes,2084173.8913990918,bps,46253,sec
321.000611 -- 322.0004,sec,0.999788999557495,sec,521280,bytes,4171120.1081885686,bps,59142,sec
322.0004 -- 323.000155,sec,0.999755024909973,sec,521280,bytes,4171261.855248515,bps,47399,sec
323.000155 -- 324.000599,sec,1.0004440546035767,sec,260640,bytes,2084194.5038358225,bps,50380,sec
324.000599 -- 325.000394,sec,0.9997950196266174,sec,521280,bytes,4171094.992609,bps,65387,sec
325.000394 -- 326.000219,sec,0.9998250007629395,sec,521280,bytes,4170969.9165531993,bps,53107,sec
326.000219 -- 327.000606,sec,1.0003869533538818,sec,260640,bytes,2084313.46791305,bps,59241,sec
327.000606 -- 328.000348,sec,0.9997419714927673,sec,521280,bytes,4171316.3185228636,bps,60579,sec
328.000348 -- 329.00024,sec,0.999891996383667,sec,521280,bytes,4170690.4496511677,bps,41576,sec
329.00024 -- 330.000477,sec,1.000236988067627,sec,260640,bytes,2084625.9685199955,bps,53858,sec
330.000477 -- 331.000299,sec,0.9998220205307007,sec,521280,bytes,4170982.349224972,bps,44083,sec
331.000299 -- 332.000679,sec,1.000380039215088,sec,260640,bytes,2084327.8736709042,bps,52876,sec
332.000679 -- 333.000393,sec,0.9997140169143677,sec,521280,bytes,4171432.9592692,bps,57078,sec
333.000393 -- 334.000711,sec,1.0003180503845215,sec,260640,bytes,2084457.0376376607,bps,56218,sec
334.000711 -- 335.000164,sec,0.9994530081748962,sec,521280,bytes,4172522.33560764,bps,70273,sec
335.000164 -- 336.000478,sec,1.0003139972686768,sec,260640,bytes,2084465.48353152,bps,48930,sec
336.000478 -- 337.000157,sec,0.9996790289878845,sec,521280,bytes,4171578.955919601,bps,53364,sec
337.000157 -- 338.000514,sec,1.0003570318222046,sec,260640,bytes,2084375.8115058588,bps,56019,sec
338.000514 -- 339.000232,sec,0.9997180104255676,sec,521280,bytes,4171416.2959060627,bps,43895,sec
339.000232 -- 340.000611,sec,1.000378966331482,sec,260640,bytes,2084330.1090649704,bps,62825,sec
340.000611 -- 341.000327,sec,0.9997159838676453,sec,521280,bytes,4171424.75192445,bps,59365,sec
341.000327 -- 342.00061,sec,1.0002830028533936,sec,260640,bytes,2084530.0720416275,bps,49472,sec
342.00061 -- 343.000383,sec,0.9997730255126953,sec,521280,bytes,4171186.7529747086,bps,59917,sec
343.000383 -- 344.000153,sec,0.9997699856758118,sec,521280,bytes,4171199.4356192383,bps,47594,sec
344.000153 -- 345.00054,sec,1.0003869533538818,sec,260640,bytes,2084313.46791305,bps,50599,sec
345.00054 -- 346.000264,sec,0.999723970890045,sec,521280,bytes,4171391.425462444,bps,45511,sec
346.000264 -- 347.000613,sec,1.0003490447998047,sec,260640,bytes,2084392.4536533,bps,52266,sec
347.000613 -- 348.000421,sec,0.9998080134391785,sec,521280,bytes,4171040.7837751233,bps,50515,sec
348.000421 -- 349.000774,sec,1.00035297870636,sec,260640,bytes,2084384.2567414986,bps,45570,sec
349.000774 -- 350.000405,sec,0.9996309876441956,sec,521280,bytes,4171779.4381583715,bps,59711,sec
350.000405 -- 351.000148,sec,0.9997429847717285,sec,521280,bytes,4171312.09072919,bps,44465,sec
351.000148 -- 352.000553,sec,1.000404953956604,sec,260640,bytes,2084275.964201642,bps,51730,sec
352.000553 -- 353.000154,sec,0.9996010065078735,sec,521280,bytes,4171904.5627703182,bps,47800,sec
353.000154 -- 354.000548,sec,1.0003939867019653,sec,260640,bytes,2084298.813984368,bps,64342,sec
354.000548 -- 355.000239,sec,0.9996910095214844,sec,521280,bytes,4171528.962730336,bps,45394,sec
355.000239 -- 356.000569,sec,1.0003299713134766,sec,260640,bytes,2084432.1971700469,bps,55271,sec
356.000569 -- 357.000331,sec,0.999761998653412,sec,521280,bytes,4171232.759013578,bps,57360,sec
357.000331 -- 358.000708,sec,1.0003770589828491,sec,260640,bytes,2084334.0831107046,bps,76009,sec
358.000708 -- 359.000268,sec,0.999559998512268,sec,521280,bytes,4172075.71952352,bps,51312,sec
359.000268 -- 360.000616,sec,1.0003479719161987,sec,260640,bytes,2084394.6891858894,bps,48680,sec
360.000616 -- 361.000714,sec,1.0000979900360107,sec,260640,bytes,2084915.6990355721,bps,54866,sec
361.000714 -- 362.000379,sec,0.9996650218963623,sec,521280,bytes,4171637.407187724,bps,55431,sec
362.000379 -- 363.000748,sec,1.00036895275116,sec,260640,bytes,2084350.9729741388,bps,79106,sec
363.000748 -- 364.000362,sec,0.9996140003204346,sec,521280,bytes,4171850.332891691,bps,56741,sec
364.000362 -- 365.000602,sec,1.0002399682998657,sec,260640,bytes,2084619.7573409644,bps,73618,sec
365.000602 -- 366.000237,sec,0.9996349811553955,sec,521280,bytes,4171762.772027009,bps,48822,sec
366.000237 -- 367.000651,sec,1.00041401386261,sec,260640,bytes,2084257.0886720468,bps,49784,sec
367.000651 -- 368.000356,sec,0.9997050166130066,sec,521280,bytes,4171470.51450111,bps,51430,sec
368.000356 -- 369.000682,sec,1.0003260374069214,sec,260640,bytes,2084440.3944589084,bps,50146,sec
369.000682 -- 370.000353,sec,0.99967098236084,sec,521280,bytes,4171612.534107463,bps,50762,sec
370.000353 -- 371.000725,sec,1.000372052192688,sec,260640,bytes,2084344.5150528573,bps,57245,sec
371.000725 -- 372.00049,sec,0.9997649788856506,sec,521280,bytes,4171220.324848943,bps,44420,sec
372.00049 -- 373.000264,sec,0.9997739791870117,sec,521280,bytes,4171182.77412173,bps,43196,sec
373.000264 -- 374.000677,sec,1.000412940979004,sec,260640,bytes,2084259.3239142848,bps,46622,sec
374.000677 -- 375.000424,sec,0.9997469782829285,sec,521280,bytes,4171295.428331689,bps,49453,sec
375.000424 -- 376.000195,sec,0.999770998954773,sec,521280,bytes,4171195.2080624923,bps,61370,sec
376.000195 -- 377.000542,sec,1.0003470182418823,sec,260640,bytes,2084396.6763299946,bps,56665,sec
377.000542 -- 378.000209,sec,0.99966698884964,sec,521280,bytes,4171629.199038448,bps,46274,sec
378.000209 -- 379.000611,sec,1.0004019737243652,sec,260640,bytes,2084282.1733321575,bps,58429,sec
379.000611 -- 380.000312,sec,0.9997010231018066,sec,521280,bytes,4171487.178297421,bps,48303,sec
380.000312 -- 381.000764,sec,1.0004520416259766,sec,260640,bytes,2084177.8648491492,bps,44477,sec
381.000764 -- 382.000339,sec,0.9995750188827515,sec,521280,bytes,4172013.026757287,bps,58239,sec
382.000339 -- 383.000678,sec,1.0003390312194824,sec,260640,bytes,2084413.3188106182,bps,47310,sec
383.000678 -- 384.000422,sec,0.9997439980506897,sec,521280,bytes,4171307.862944087,bps,56827,sec
384.000422 -- 385.000192,sec,0.9997699856758118,sec,521280,bytes,4171199.4356192383,bps,62722,sec
385.000192 -- 386.000533,sec,1.0003410577774048,sec,260640,bytes,2084409.0960664933,bps,54325,sec
386.000533 -- 387.000293,sec,0.9997599720954895,sec,521280,bytes,4171241.2142878734,bps,49444,sec
387.000293 -- 388.000628,sec,1.0003349781036377,sec,260640,bytes,2084421.7643501968,bps,50260,sec
388.000628 -- 389.00046,sec,0.9998319745063782,sec,521280,bytes,4170940.824390886,bps,48867,sec
389.00046 -- 390.000187,sec,0.9997270107269287,sec,521280,bytes,4171378.741650388,bps,54659,sec
390.000187 -- 391.00058,sec,1.000393033027649,sec,260640,bytes,2084300.8009456731,bps,43970,sec
391.00058 -- 392.000278,sec,0.999697983264923,sec,521280,bytes,4171499.862768927,bps,50469,sec
392.000278 -- 393.000573,sec,1.0002950429916382,sec,260640,bytes,2084504.9814141989,bps,51467,sec
393.000573 -- 394.00031,sec,0.999737024307251,sec,521280,bytes,4171336.9602268054,bps,45717,sec
394.00031 -- 395.00065,sec,1.0003399848937988,sec,260640,bytes,2084411.331634781,bps,64622,sec
395.00065 -- 396.000327,sec,0.999677002429962,sec,521280,bytes,4171587.41259747,bps,45698,sec
396.000327 -- 397.000721,sec,1.0003939867019653,sec,260640,bytes,2084298.813984368,bps,51634,sec
397.000721 -- 398.000409,sec,0.9996880292892456,sec,521280,bytes,4171541.3987351046,bps,59898,sec
398.000409 -- 399.000752,sec,1.0003429651260376,sec,260640,bytes,2084405.1217347109,bps,53053,sec
399.000752 -- 400.000403,sec,0.99965101480484,sec,521280,bytes,4171695.860093883,bps,58322,sec
400.000403 -- 401.000727,sec,1.000324010848999,sec,260640,bytes,2084444.6173298475,bps,69523,sec
401.000727 -- 402.000422,sec,0.9996950030326843,sec,521280,bytes,4171512.298600193,bps,67943,sec
402.000422 -- 403.000721,sec,1.0002989768981934,sec,260640,bytes,2084496.78361734,bps,39780,sec
403.000721 -- 404.000491,sec,0.9997699856758118,sec,521280,bytes,4171199.4356192383,bps,49590,sec
404.000491 -- 405.000309,sec,0.9998180270195007,sec,521280,bytes,4170999.009121349,bps,43744,sec
405.000309 -- 406.000696,sec,1.0003869533538818,sec,260640,bytes,2084313.46791305,bps,51137,sec
406.000696 -- 407.000536,sec,0.999840021133423,sec,521280,bytes,4170907.2570155757,bps,52030,sec
407.000536 -- 408.000208,sec,0.999671995639801,sec,521280,bytes,4171608.3057133164,bps,46814,sec
408.000208 -- 409.000594,sec,1.0003859996795654,sec,260640,bytes,2084315.4549022946,bps,48911,sec
409.000594 -- 410.000357,sec,0.999763011932373,sec,521280,bytes,4171228.5313892844,bps,75529,sec
410.000357 -- 411.000182,sec,0.9998250007629395,sec,521280,bytes,4170969.9165531993,bps,53286,sec
411.000182 -- 412.000568,sec,1.0003859996795654,sec,260640,bytes,2084315.4549022946,bps,52359,sec
412.000568 -- 413.000333,sec,0.9997649788856506,sec,521280,bytes,4171220.324848943,bps,57350,sec
413.000333 -- 414.000196,sec,0.999863028526306,sec,521280,bytes,4170811.2821678175,bps,47441,sec
414.000196 -- 415.00054,sec,1.0003440380096436,sec,260640,bytes,2084402.8861797433,bps,51441,sec
415.00054 -- 416.000332,sec,0.999791979789734,sec,521280,bytes,4171107.674695533,bps,63974,sec
416.000332 -- 417.000155,sec,0.999822974205017,sec,521280,bytes,4170978.3707619407,bps,56265,sec
417.000155 -- 418.000381,sec,1.0002260208129883,sec,260640,bytes,2084648.8259775576,bps,54371,sec
418.000381 -- 419.000194,sec,0.9998130202293396,sec,521280,bytes,4171019.896343638,bps,53436,sec
419.000194 -- 420.000632,sec,1.0004379749298096,sec,260640,bytes,2084207.1695112246,bps,45785,sec
420.000632 -- 421.0005,sec,0.9998679757118225,sec,521280,bytes,4170790.6456661313,bps,46777,sec
421.0005 -- 422.000266,sec,0.9997659921646118,sec,521280,bytes,4171216.097249854,bps,42920,sec
422.000266 -- 423.000652,sec,1.0003859996795654,sec,260640,bytes,2084315.4549022946,bps,52021,sec
423.000652 -- 424.000393,sec,0.999741017818451,sec,521280,bytes,4171320.29763062,bps,50736,sec
424.000393 -- 425.000195,sec,0.999801993370056,sec,521280,bytes,4171065.8987018755,bps,58297,sec
425.000195 -- 426.000542,sec,1.0003470182418823,sec,260640,bytes,2084396.6763299946,bps,50648,sec
426.000542 -- 427.000382,sec,0.999840021133423,sec,521280,bytes,4170907.2570155757,bps,50684,sec
427.000382 -- 428.000154,sec,0.999772012233734,sec,521280,bytes,4171190.980514316,bps,46498,sec
428.000154 -- 429.000547,sec,1.000393033027649,sec,260640,bytes,2084300.8009456731,bps,55114,sec
429.000547 -- 430.000329,sec,0.9997820258140564,sec,521280,bytes,4171149.202851941,bps,59911,sec
430.000329 -- 431.000155,sec,0.9998260140419006,sec,521280,bytes,4170965.68946168,bps,48417,sec
431.000155 -- 432.000515,sec,1.0003600120544434,sec,260640,bytes,2084369.6018174305,bps,53970,sec
432.000515 -- 433.000345,sec,0.9998300075531006,sec,521280,bytes,4170949.0298314737,bps,52666,sec
433.000345 -- 434.000143,sec,0.9997979998588562,sec,521280,bytes,4171082.559265694,bps,62415,sec
434.000143 -- 435.000525,sec,1.0003819465637207,sec,260640,bytes,2084323.8996488482,bps,59389,sec
435.000525 -- 436.00047,sec,0.9999449849128723,sec,521280,bytes,4170469.4387395354,bps,57097,sec
436.00047 -- 437.000153,sec,0.9996830224990845,sec,521280,bytes,4171562.291390038,bps,45779,sec
437.000153 -- 438.000527,sec,1.0003739595413208,sec,260640,bytes,2084340.5409673436,bps,55302,sec
438.000527 -- 439.000301,sec,0.9997739791870117,sec,521280,bytes,4171182.77412173,bps,53988,sec
439.000301 -- 440.00069,sec,1.0003889799118042,sec,260640,bytes,2084309.245573484,bps,50077,sec
440.00069 -- 441.000442,sec,0.9997519850730896,sec,521280,bytes,4171274.538349752,bps,52647,sec
441.000442 -- 442.000262,sec,0.9998199939727783,sec,521280,bytes,4170990.8034841134,bps,55522,sec
442.000262 -- 443.000649,sec,1.0003869533538818,sec,260640,bytes,2084313.46791305,bps,54237,sec
443.000649 -- 444.000389,sec,0.9997400045394897,sec,521280,bytes,4171324.52544093,bps,45766,sec
444.000389 -- 445.000204,sec,0.9998149871826172,sec,521280,bytes,4171011.690624219,bps,57454,sec
445.000204 -- 446.000634,sec,1.00042998790741,sec,260640,bytes,2084223.8089658094,bps,46816,sec
446.000634 -- 447.000377,sec,0.9997429847717285,sec,521280,bytes,4171312.09072919,bps,54836,sec
447.000377 -- 448.000186,sec,0.9998090267181396,sec,521280,bytes,4171036.556539962,bps,65835,sec
448.000186 -- 449.000167,sec,0.9999809861183167,sec,260640,bytes,2085159.6469788186,bps,69095,sec
449.000167 -- 450.000336,sec,1.000169038772583,sec,521280,bytes,4169535.1868897667,bps,46932,sec
450.000336 -- 451.000684,sec,1.0003479719161987,sec,260640,bytes,2084394.6891858894,bps,52803,sec
451.000684 -- 452.000339,sec,0.99965500831604,sec,521280,bytes,4171679.1946302964,bps,52757,sec
452.000339 -- 453.000582,sec,1.0002429485321045,sec,260640,bytes,2084613.5461989457,bps,58791,sec
453.000582 -- 454.000155,sec,0.999572992324829,sec,521280,bytes,4172021.485195156,bps,53461,sec
454.000155 -- 455.000398,sec,1.0002429485321045,sec,260640,bytes,2084613.5461989457,bps,59180,sec
455.000398 -- 456.00059,sec,1.0001920461654663,sec,260640,bytes,2084719.637587529,bps,56889,sec
456.00059 -- 457.000195,sec,0.9996050000190735,sec,521280,bytes,4171887.895639205,bps,63203,sec
457.000195 -- 458.000556,sec,1.00036096572876,sec,260640,bytes,2084367.6147249476,bps,47418,sec
458.000556 -- 459.000163,sec,0.999607026576996,sec,521280,bytes,4171879.43774301,bps,60866,sec
459.000163 -- 460.000459,sec,1.0002959966659546,sec,260640,bytes,2084502.9940635848,bps,58180,sec
460.000459 -- 461.000765,sec,1.0003060102462769,sec,260640,bytes,2084482.1271109232,bps,49132,sec
461.000765 -- 462.000404,sec,0.9996389746665955,sec,521280,bytes,4171746.1060288083,bps,45973,sec
462.000404 -- 463.000193,sec,0.999788999557495,sec,521280,bytes,4171120.1081885686,bps,59577,sec
463.000193 -- 464.000477,sec,1.00028395652771,sec,260640,bytes,2084528.084643171,bps,64521,sec
464.000477 -- 465.000797,sec,1.0003199577331543,sec,260640,bytes,2084453.0631230567,bps,52828,sec
465.000797 -- 466.000463,sec,0.9996659755706787,sec,521280,bytes,4171633.42747495,bps,55975,sec
466.000463 -- 467.000689,sec,1.0002260208129883,sec,260640,bytes,2084648.8259775576,bps,55561,sec
467.000689 -- 468.000237,sec,0.9995480179786682,sec,521280,bytes,4172125.725818806,bps,48763,sec
468.000237 -- 469.000565,sec,1.0003279447555542,sec,260640,bytes,2084436.4200077723,bps,54620,sec
469.000565 -- 470.000252,sec,0.9996870160102844,sec,521280,bytes,4171545.626993617,bps,56562,sec
470.000252 -- 471.000487,sec,1.0002349615097046,sec,260640,bytes,2084630.1921428784,bps,56543,sec
471.000487 -- 472.00016,sec,0.9996730089187622,sec,521280,bytes,4171604.0773277413,bps,52880,sec
472.00016 -- 473.00044,sec,1.0002800226211548,sec,260640,bytes,2084536.28268623,bps,55015,sec
473.00044 -- 474.00075,sec,1.000309944152832,sec,260640,bytes,2084473.9294938226,bps,50348,sec
474.00075 -- 475.000427,sec,0.999677002429962,sec,521280,bytes,4171587.41259747,bps,56958,sec
475.000427 -- 476.000762,sec,1.0003349781036377,sec,260640,bytes,2084421.7643501968,bps,52683,sec
476.000762 -- 477.000388,sec,0.9996259808540344,sec,521280,bytes,4171800.3331977613,bps,67642,sec
477.000388 -- 478.000773,sec,1.000385046005249,sec,260640,bytes,2084317.4418953273,bps,49584,sec
478.000773 -- 479.000374,sec,0.9996010065078735,sec,521280,bytes,4171904.5627703182,bps,44490,sec
479.000374 -- 480.000676,sec,1.0003019571304321,sec,260640,bytes,2084490.5732081013,bps,44232,sec
480.000676 -- 481.000422,sec,0.999746024608612,sec,521280,bytes,4171299.40739959,bps,53189,sec
481.000422 -- 482.000153,sec,0.9997310042381287,sec,521280,bytes,4171362.0787204066,bps,48981,sec
482.000153 -- 483.000511,sec,1.000357985496521,sec,260640,bytes,2084373.8244015363,bps,60715,sec
483.000511 -- 484.000316,sec,0.999804973602295,sec,521280,bytes,4171053.465532018,bps,48493,sec
484.000316 -- 485.000637,sec,1.00032103061676,sec,260640,bytes,2084450.8274652525,bps,61641,sec
485.000637 -- 486.000328,sec,0.9996910095214844,sec,521280,bytes,4171528.962730336,bps,44159,sec
486.000328 -- 487.000638,sec,1.000309944152832,sec,260640,bytes,2084473.9294938226,bps,43243,sec
487.000638 -- 488.000494,sec,0.9998559951782227,sec,521280,bytes,4170840.621160312,bps,52723,sec
488.000494 -- 489.000287,sec,0.999792993068695,sec,521280,bytes,4171103.4473247863,bps,49648,sec
489.000287 -- 490.000614,sec,1.0003269910812378,sec,260640,bytes,2084438.407231446,bps,47610,sec
490.000614 -- 491.000474,sec,0.9998599886894226,sec,521280,bytes,4170823.9625291815,bps,47555,sec
491.000474 -- 492.00028,sec,0.999805986881256,sec,521280,bytes,4171049.238271151,bps,61567,sec
492.00028 -- 493.000636,sec,1.0003559589385986,sec,260640,bytes,2084378.0470027507,bps,47646,sec
493.000636 -- 494.000437,sec,0.999800980091095,sec,521280,bytes,4171070.1259965124,bps,50055,sec
494.000437 -- 495.000236,sec,0.9997990131378174,sec,521280,bytes,4171078.3319458556,bps,49930,sec
495.000236 -- 496.000634,sec,1.00039803981781,sec,260640,bytes,2084290.3694410843,bps,47627,sec
496.000634 -- 497.000425,sec,0.9997910261154175,sec,521280,bytes,4171111.65340524,bps,44981,sec
497.000425 -- 498.000229,sec,0.9998040199279785,sec,521280,bytes,4171057.444138308,bps,55896,sec
498.000229 -- 499.000625,sec,1.0003960132598877,sec,260640,bytes,2084294.591704173,bps,49212,sec
499.000625 -- 500.000402,sec,0.9997770190238953,sec,521280,bytes,4171170.091578519,bps,59940,sec
500.000402 -- 501.000198,sec,0.999795973300934,sec,521280,bytes,4171091.013931077,bps,47172,sec
501.000198 -- 502.000585,sec,1.0003869533538818,sec,260640,bytes,2084313.46791305,bps,51333,sec
502.000585 -- 503.00034,sec,0.999755024909973,sec,521280,bytes,4171261.855248515,bps,44657,sec
503.00034 -- 504.000703,sec,1.0003629922866821,sec,260640,bytes,2084363.3921660013,bps,54517,sec
504.000703 -- 505.000455,sec,0.9997519850730896,sec,521280,bytes,4171274.538349752,bps,55065,sec
505.000455 -- 506.000319,sec,0.9998639822006226,sec,521280,bytes,4170807.3040311215,bps,64733,sec
506.000319 -- 507.000702,sec,1.0003830194473267,sec,260640,bytes,2084321.664268101,bps,44008,sec
507.000702 -- 508.000512,sec,0.999809980392456,sec,521280,bytes,4171032.57797352,bps,42260,sec
508.000512 -- 509.000284,sec,0.999772012233734,sec,521280,bytes,4171190.980514316,bps,48141,sec
509.000284 -- 510.000644,sec,1.0003600120544434,sec,260640,bytes,2084369.6018174305,bps,46285,sec
510.000644 -- 511.000359,sec,0.999714970588684,sec,521280,bytes,4171428.9799465,bps,60299,sec
511.000359 -- 512.000194,sec,0.9998350143432617,sec,521280,bytes,4170928.1433189334,bps,47994,sec
512.000194 -- 513.000572,sec,1.0003780126571655,sec,260640,bytes,2084332.096085943,bps,57443,sec
513.000572 -- 514.000394,sec,0.9998220205307007,sec,521280,bytes,4170982.349224972,bps,58812,sec
514.000394 -- 515.000154,sec,0.9997599720954895,sec,521280,bytes,4171241.2142878734,bps,53453,sec
515.000154 -- 516.000523,sec,1.00036895275116,sec,260640,bytes,2084350.9729741388,bps,50696,sec
516.000523 -- 517.0003,sec,0.9997770190238953,sec,521280,bytes,4171170.091578519,bps,41905,sec
517.0003 -- 518.000697,sec,1.000396966934204,sec,260640,bytes,2084292.6047547061,bps,45380,sec
518.000697 -- 519.000503,sec,0.999805986881256,sec,521280,bytes,4171049.238271151,bps,44924,sec
519.000503 -- 520.00027,sec,0.999767005443573,sec,521280,bytes,4171211.8696593344,bps,60636,sec
520.00027 -- 521.00064,sec,1.0003700256347656,sec,260640,bytes,2084348.7375353205,bps,44437,sec
521.00064 -- 522.00044,sec,0.9998000264167786,sec,521280,bytes,4171074.104634586,bps,55885,sec
522.00044 -- 523.000178,sec,0.9997379779815674,sec,521280,bytes,4171332.981087259,bps,51200,sec
523.000178 -- 524.000594,sec,1.0004160404205322,sec,260640,bytes,2084252.8665609006,bps,54469,sec
524.000594 -- 525.000399,sec,0.999804973602295,sec,521280,bytes,4171053.465532018,bps,54207,sec
525.000399 -- 526.000193,sec,0.9997940063476562,sec,521280,bytes,4171099.219962608,bps,52032,sec
526.000193 -- 527.000512,sec,1.000319004058838,sec,260640,bytes,2084455.0503784642,bps,54822,sec
527.000512 -- 528.000378,sec,0.999866008758545,sec,521280,bytes,4170798.85051584,bps,55572,sec
528.000378 -- 529.000755,sec,1.0003770589828491,sec,260640,bytes,2084334.0831107046,bps,52917,sec
529.000755 -- 530.000517,sec,0.999761998653412,sec,521280,bytes,4171232.759013578,bps,41318,sec
530.000517 -- 531.000199,sec,0.9996820092201233,sec,521280,bytes,4171566.5196909043,bps,52617,sec
531.000199 -- 532.000607,sec,1.0004080533981323,sec,260640,bytes,2084269.5067451491,bps,64540,sec
532.000607 -- 533.000389,sec,0.9997820258140564,sec,521280,bytes,4171149.202851941,bps,60199,sec
533.000389 -- 534.000193,sec,0.9998040199279785,sec,521280,bytes,4171057.444138308,bps,48208,sec
534.000193 -- 535.000534,sec,1.0003410577774048,sec,260640,bytes,2084409.0960664933,bps,43576,sec
535.000534 -- 536.000259,sec,0.9997249841690063,sec,521280,bytes,4171387.1975165214,bps,45488,sec
536.000259 -- 537.000677,sec,1.000417947769165,sec,260640,bytes,2084248.8928248591,bps,44449,sec
537.000677 -- 538.000499,sec,0.9998220205307007,sec,521280,bytes,4170982.349224972,bps,50672,sec
538.000499 -- 539.000302,sec,0.9998030066490173,sec,521280,bytes,4171061.6714158077,bps,42689,sec
539.000302 -- 540.000721,sec,1.000419020652771,sec,260640,bytes,2084246.6576049945,bps,54933,sec
540.000721 -- 541.000455,sec,0.9997339844703674,sec,521280,bytes,4171349.643784774,bps,47068,sec
541.000455 -- 542.000231,sec,0.999776005744934,sec,521280,bytes,4171174.3190843533,bps,50489,sec
542.000231 -- 543.000565,sec,1.0003340244293213,sec,260640,bytes,2084423.751545926,bps,50464,sec
543.000565 -- 544.000376,sec,0.9998109936714172,sec,521280,bytes,4171028.3507549907,bps,64330,sec
544.000376 -- 545.000143,sec,0.999767005443573,sec,521280,bytes,4171211.8696593344,bps,47947,sec
545.000143 -- 546.000582,sec,1.0004390478134155,sec,260640,bytes,2084204.93438085,bps,56053,sec
546.000582 -- 547.000153,sec,0.9995710253715515,sec,521280,bytes,4172029.69488824,bps,48561,sec
547.000153 -- 548.000406,sec,1.0002529621124268,sec,260640,bytes,2084592.6770328684,bps,59647,sec
548.000406 -- 549.000146,sec,0.9997400045394897,sec,521280,bytes,4171324.52544093,bps,58721,sec
549.000146 -- 550.000526,sec,1.000380039215088,sec,260640,bytes,2084327.8736709042,bps,46660,sec
550.000526 -- 551.000783,sec,1.0002570152282715,sec,260640,bytes,2084584.2301082476,bps,67074,sec
551.000783 -- 552.000399,sec,0.999616026878357,sec,521280,bytes,4171841.875147802,bps,64259,sec
552.000399 -- 553.000193,sec,0.9997940063476562,sec,521280,bytes,4171099.219962608,bps,62592,sec
553.000193 -- 554.000489,sec,1.0002959966659546,sec,260640,bytes,2084502.9940635848,bps,51722,sec
554.000489 -- 555.000323,sec,0.9998340010643005,sec,521280,bytes,4170932.37033435,bps,52124,sec
555.000323 -- 556.000706,sec,1.0003830194473267,sec,260640,bytes,2084321.664268101,bps,50949,sec
556.000706 -- 557.000492,sec,0.9997860193252563,sec,521280,bytes,4171132.54175573,bps,44804,sec
557.000492 -- 558.000889,sec,1.000396966934204,sec,260640,bytes,2084292.6047547061,bps,49341,sec
558.000889 -- 559.000532,sec,0.9996430277824402,sec,521280,bytes,4171729.19142052,bps,48680,sec
559.000532 -- 560.000338,sec,0.999805986881256,sec,521280,bytes,4171049.238271151,bps,53497,sec
560.000338 -- 561.000696,sec,1.000357985496521,sec,260640,bytes,2084373.8244015363,bps,50161,sec
561.000696 -- 562.000438,sec,0.9997419714927673,sec,521280,bytes,4171316.3185228636,bps,50136,sec
562.000438 -- 563.000246,sec,0.9998080134391785,sec,521280,bytes,4171040.7837751233,bps,49881,sec
563.000246 -- 564.000645,sec,1.0003989934921265,sec,260640,bytes,2084288.3824996678,bps,54431,sec
564.000645 -- 565.000414,sec,0.9997689723968506,sec,521280,bytes,4171203.6631845534,bps,54536,sec
565.000414 -- 566.000193,sec,0.999778985977173,sec,521280,bytes,4171161.885268126,bps,53844,sec
566.000193 -- 567.000482,sec,1.000288963317871,sec,260640,bytes,2084517.6508634456,bps,56996,sec
567.000482 -- 568.000215,sec,0.9997329711914062,sec,521280,bytes,4171353.871654571,bps,54490,sec
568.000215 -- 569.000565,sec,1.000349998474121,sec,260640,bytes,2084390.4665172463,bps,55896,sec
569.000565 -- 570.000404,sec,0.9998390078544617,sec,521280,bytes,4170911.4839886576,bps,66904,sec
570.000404 -- 571.000193,sec,0.999788999557495,sec,521280,bytes,4171120.1081885686,bps,54264,sec
571.000193 -- 572.00059,sec,1.000396966934204,sec,260640,bytes,2084292.6047547061,bps,59558,sec
572.00059 -- 573.000401,sec,0.9998109936714172,sec,521280,bytes,4171028.3507549907,bps,61258,sec
573.000401 -- 574.000167,sec,0.9997659921646118,sec,521280,bytes,4171216.097249854,bps,50008,sec
574.000167 -- 575.000603,sec,1.0004359483718872,sec,260640,bytes,2084211.3914372341,bps,59419,sec
575.000603 -- 576.000352,sec,0.9997490048408508,sec,521280,bytes,4171286.972837604,bps,60413,sec
576.000352 -- 577.000194,sec,0.9998419880867004,sec,521280,bytes,4170899.051739345,bps,46030,sec
577.000194 -- 578.000563,sec,1.00036895275116,sec,260640,bytes,2084350.9729741388,bps,64353,sec
578.000563 -- 579.000354,sec,0.9997910261154175,sec,521280,bytes,4171111.65340524,bps,49925,sec
579.000354 -- 580.000742,sec,1.0003880262374878,sec,260640,bytes,2084311.2325546783,bps,54506,sec
580.000742 -- 581.00054,sec,0.9997979998588562,sec,521280,bytes,4171082.559265694,bps,47869,sec
581.00054 -- 582.000339,sec,0.9997990131378174,sec,521280,bytes,4171078.3319458556,bps,50694,sec
582.000339 -- 583.00017,sec,0.9998310208320618,sec,521280,bytes,4170944.80278229,bps,49789,sec
583.00017 -- 584.000507,sec,1.00033700466156,sec,260640,bytes,2084417.5415718528,bps,50335,sec
584.000507 -- 585.000302,sec,0.9997950196266174,sec,521280,bytes,4171094.992609,bps,42404,sec
585.000302 -- 586.000727,sec,1.0004249811172485,sec,260640,bytes,2084234.23980416,bps,52609,sec
586.000727 -- 587.000536,sec,0.9998090267181396,sec,521280,bytes,4171036.556539962,bps,44262,sec
587.000536 -- 588.000336,sec,0.9998000264167786,sec,521280,bytes,4171074.104634586,bps,46167,sec
588.000336 -- 589.000724,sec,1.0003880262374878,sec,260640,bytes,2084311.2325546783,bps,47279,sec
589.000724 -- 590.00049,sec,0.9997659921646118,sec,521280,bytes,4171216.097249854,bps,44153,sec
590.00049 -- 591.000232,sec,0.9997419714927673,sec,521280,bytes,4171316.3185228636,bps,44078,sec
591.000232 -- 592.000649,sec,1.0004169940948486,sec,260640,bytes,2084250.879690986,bps,44398,sec
592.000649 -- 593.000437,sec,0.999787986278534,sec,521280,bytes,4171124.3355930867,bps,51480,sec
593.000437 -- 594.000148,sec,0.999710977077484,sec,521280,bytes,4171445.6434109746,bps,54588,sec
594.000148 -- 595.000684,sec,1.00053596496582,sec,260640,bytes,2084003.0473779426,bps,54281,sec
595.000684 -- 596.000341,sec,0.9996569752693176,sec,521280,bytes,4171670.9863165766,bps,58502,sec
596.000341 -- 597.000143,sec,0.999801993370056,sec,521280,bytes,4171065.8987018755,bps,50777,sec
597.000143 -- 598.0006,sec,1.0004570484161377,sec,260640,bytes,2084167.4345750618,bps,47981,sec
598.0006 -- 599.000361,sec,0.9997609853744507,sec,521280,bytes,4171236.986646441,bps,57366,sec
599.000361 -- 600.000152,sec,0.9997910261154175,sec,521280,bytes,4171111.65340524,bps,48206,sec
600.000152 -- 601.000588,sec,1.0004359483718872,sec,260640,bytes,2084211.3914372341,bps,64812,sec
601.000588 -- 602.000326,sec,0.9997379779815674,sec,521280,bytes,4171332.981087259,bps,54378,sec
602.000326 -- 603.000147,sec,0.9998210072517395,sec,521280,bytes,4170986.5763502587,bps,46926,sec
603.000147 -- 604.000582,sec,1.0004349946975708,sec,260640,bytes,2084213.378231863,bps,58673,sec
604.000582 -- 605.000321,sec,0.9997389912605286,sec,521280,bytes,4171328.753259809,bps,62551,sec
605.000321 -- 606.000216,sec,0.9998949766159058,sec,521280,bytes,4170678.0187194934,bps,48012,sec
606.000216 -- 607.000562,sec,1.0003459453582764,sec,260640,bytes,2084398.9118716416,bps,46167,sec
607.000562 -- 608.000407,sec,0.999845027923584,sec,521280,bytes,4170886.370921397,bps,49027,sec
608.000407 -- 609.000789,sec,1.0003819465637207,sec,260640,bytes,2084323.8996488482,bps,45549,sec
609.000789 -- 610.000283,sec,0.9994940161705017,sec,521280,bytes,4172351.1422089464,bps,50103,sec
610.000283 -- 611.000612,sec,1.00032901763916,sec,260640,bytes,2084434.1843856687,bps,45168,sec
611.000612 -- 612.00043,sec,0.9998180270195007,sec,521280,bytes,4170999.009121349,bps,47082,sec
612.00043 -- 613.000188,sec,0.999758005142212,sec,521280,bytes,4171249.420910412,bps,44661,sec
613.000188 -- 614.000552,sec,1.0003639459609985,sec,260640,bytes,2084361.4050853578,bps,45564,sec
614.000552 -- 615.000408,sec,0.9998559951782227,sec,521280,bytes,4170840.621160312,bps,64488,sec
615.000408 -- 616.000146,sec,0.9997379779815674,sec,521280,bytes,4171332.981087259,bps,45667,sec
616.000146 -- 617.000526,sec,1.000380039215088,sec,260640,bytes,2084327.8736709042,bps,61420,sec
617.000526 -- 618.000316,sec,0.9997900128364563,sec,521280,bytes,4171115.88079262,bps,50843,sec
618.000316 -- 619.000724,sec,1.0004080533981323,sec,260640,bytes,2084269.5067451491,bps,42902,sec
619.000724 -- 620.000488,sec,0.9997640252113342,sec,521280,bytes,4171224.30377356,bps,48548,sec
620.000488 -- 621.00028,sec,0.999791979789734,sec,521280,bytes,4171107.674695533,bps,49255,sec
621.00028 -- 622.000154,sec,0.9998739957809448,sec,521280,bytes,4170765.534053981,bps,52228,sec
622.000154 -- 623.000484,sec,1.0003299713134766,sec,260640,bytes,2084432.1971700469,bps,54387,sec
623.000484 -- 624.000345,sec,0.9998610019683838,sec,521280,bytes,4170819.735733493,bps,49176,sec
624.000345 -- 625.000755,sec,1.0004099607467651,sec,260640,bytes,2084265.5329456567,bps,51846,sec
625.000755 -- 626.000548,sec,0.999792993068695,sec,521280,bytes,4171103.4473247863,bps,54719,sec
626.000548 -- 627.000347,sec,0.9997990131378174,sec,521280,bytes,4171078.3319458556,bps,47481,sec
627.000347 -- 628.000153,sec,0.999805986881256,sec,521280,bytes,4171049.238271151,bps,50778,sec
628.000153 -- 629.000549,sec,1.0003960132598877,sec,260640,bytes,2084294.591704173,bps,57024,sec
629.000549 -- 630.000346,sec,0.999796986579895,sec,521280,bytes,4171086.786594101,bps,58138,sec
630.000346 -- 631.000155,sec,0.9998090267181396,sec,521280,bytes,4171036.556539962,bps,46586,sec
631.000155 -- 632.000584,sec,1.0004290342330933,sec,260640,bytes,2084225.7957841125,bps,49819,sec
632.000584 -- 633.000384,sec,0.9998000264167786,sec,521280,bytes,4171074.104634586,bps,59332,sec
633.000384 -- 634.000153,sec,0.9997689723968506,sec,521280,bytes,4171203.6631845534,bps,48625,sec
634.000153 -- 635.000471,sec,1.0003180503845215,sec,260640,bytes,2084457.0376376607,bps,61381,sec
635.000471 -- 636.000246,sec,0.999774992465973,sec,521280,bytes,4171178.546598757,bps,58454,sec
636.000246 -- 637.000632,sec,1.0003859996795654,sec,260640,bytes,2084315.4549022946,bps,48779,sec
637.000632 -- 638.000478,sec,0.9998459815979004,sec,521280,bytes,4170882.39264146,bps,45937,sec
638.000478 -- 639.000162,sec,0.999683976173401,sec,521280,bytes,4171558.311820583,bps,53181,sec
639.000162 -- 640.000555,sec,1.000393033027649,sec,260640,bytes,2084300.8009456731,bps,47527,sec
640.000555 -- 641.000395,sec,0.999840021133423,sec,521280,bytes,4170907.2570155757,bps,47484,sec
641.000395 -- 642.000177,sec,0.9997820258140564,sec,521280,bytes,4171149.202851941,bps,47185,sec
642.000177 -- 643.000585,sec,1.0004080533981323,sec,260640,bytes,2084269.5067451491,bps,45834,sec
643.000585 -- 644.00036,sec,0.999774992465973,sec,521280,bytes,4171178.546598757,bps,54990,sec
644.00036 -- 645.00014,sec,0.999779999256134,sec,521280,bytes,4171157.6577874953,bps,50444,sec
645.00014 -- 646.000589,sec,1.0004489421844482,sec,260640,bytes,2084184.3217378063,bps,54429,sec
646.000589 -- 647.000359,sec,0.9997699856758118,sec,521280,bytes,4171199.4356192383,bps,53971,sec
647.000359 -- 648.000146,sec,0.9997869729995728,sec,521280,bytes,4171128.563006174,bps,47966,sec
648.000146 -- 649.000581,sec,1.0004349946975708,sec,260640,bytes,2084213.378231863,bps,52933,sec
649.000581 -- 650.000371,sec,0.9997900128364563,sec,521280,bytes,4171115.88079262,bps,53069,sec
650.000371 -- 651.000172,sec,0.999800980091095,sec,521280,bytes,4171070.1259965124,bps,57052,sec
651.000172 -- 652.000596,sec,1.0004240274429321,sec,260640,bytes,2084236.2266423504,bps,59773,sec
652.000596 -- 653.000382,sec,0.9997860193252563,sec,521280,bytes,4171132.54175573,bps,60762,sec
653.000382 -- 654.000198,sec,0.9998160004615784,sec,521280,bytes,4171007.4634480276,bps,51317,sec
654.000198 -- 655.000573,sec,1.0003750324249268,sec,260640,bytes,2084338.3055509015,bps,55175,sec
655.000573 -- 656.000308,sec,0.9997349977493286,sec,521280,bytes,4171345.4159235475,bps,49228,sec
656.000308 -- 657.000687,sec,1.000378966331482,sec,260640,bytes,2084330.1090649704,bps,44488,sec
657.000687 -- 658.000502,sec,0.9998149871826172,sec,521280,bytes,4171011.690624219,bps,42550,sec
658.000502 -- 659.00027,sec,0.9997680187225342,sec,521280,bytes,4171207.6420773845,bps,41943,sec
659.00027 -- 660.000746,sec,1.0004760026931763,sec,260640,bytes,2084127.9494831222,bps,50226,sec
660.000746 -- 661.000513,sec,0.999767005443573,sec,521280,bytes,4171211.8696593344,bps,51367,sec
661.000513 -- 662.000285,sec,0.999772012233734,sec,521280,bytes,4171190.980514316,bps,50230,sec
662.000285 -- 663.000693,sec,1.0004080533981323,sec,260640,bytes,2084269.5067451491,bps,50895,sec
663.000693 -- 664.000492,sec,0.9997990131378174,sec,521280,bytes,4171078.3319458556,bps,51352,sec
664.000492 -- 665.000246,sec,0.999754011631012,sec,521280,bytes,4171266.0829403577,bps,50724,sec
665.000246 -- 666.000537,sec,1.0002909898757935,sec,260640,bytes,2084513.4276965847,bps,55314,sec
666.000537 -- 667.000375,sec,0.9998379945755005,sec,521280,bytes,4170915.7109703072,bps,49163,sec
667.000375 -- 668.000167,sec,0.999791979789734,sec,521280,bytes,4171107.674695533,bps,54557,sec
668.000167 -- 669.000569,sec,1.0004019737243652,sec,260640,bytes,2084282.1733321575,bps,47062,sec
669.000569 -- 670.000424,sec,0.9998549818992615,sec,521280,bytes,4170844.8479983318,bps,53758,sec
670.000424 -- 671.00067,sec,1.0002460479736328,sec,260640,bytes,2084607.0866505092,bps,61781,sec
671.00067 -- 672.000371,sec,0.9997010231018066,sec,521280,bytes,4171487.178297421,bps,55530,sec
672.000371 -- 673.000717,sec,1.0003459453582764,sec,260640,bytes,2084398.9118716416,bps,59977,sec
673.000717 -- 674.000231,sec,0.9995139837265015,sec,521280,bytes,4172267.790043355,bps,59350,sec
674.000231 -- 675.000608,sec,1.0003770589828491,sec,260640,bytes,2084334.0831107046,bps,53051,sec
675.000608 -- 676.000291,sec,0.9996830224990845,sec,521280,bytes,4171562.291390038,bps,44833,sec
676.000291 -- 677.000695,sec,1.0004040002822876,sec,260640,bytes,2084277.951119382,bps,54667,sec
677.000695 -- 678.000443,sec,0.9997479915618896,sec,521280,bytes,4171291.2005803618,bps,52637,sec
678.000443 -- 679.00028,sec,0.9998369812965393,sec,521280,bytes,4170919.9379605246,bps,47080,sec
679.00028 -- 680.000727,sec,1.0004470348358154,sec,260640,bytes,2084188.2952276345,bps,49846,sec
680.000727 -- 681.000526,sec,0.9997990131378174,sec,521280,bytes,4171078.3319458556,bps,50668,sec
681.000526 -- 682.000285,sec,0.999759018421173,sec,521280,bytes,4171245.193252344,bps,56515,sec
682.000285 -- 683.000693,sec,1.0004080533981323,sec,260640,bytes,2084269.5067451491,bps,48929,sec
683.000693 -- 684.000488,sec,0.9997950196266174,sec,521280,bytes,4171094.992609,bps,44922,sec
684.000488 -- 685.000243,sec,0.999755024909973,sec,521280,bytes,4171261.855248515,bps,49025,sec
685.000243 -- 686.00067,sec,1.000427007675171,sec,260640,bytes,2084230.017785584,bps,46729,sec
686.00067 -- 687.000368,sec,0.999697983264923,sec,521280,bytes,4171499.862768927,bps,58978,sec
687.000368 -- 688.000646,sec,1.0002779960632324,sec,260640,bytes,2084540.5059456986,bps,69004,sec
688.000646 -- 689.000206,sec,0.999559998512268,sec,521280,bytes,4172075.71952352,bps,56612,sec
689.000206 -- 690.000491,sec,1.000285029411316,sec,260640,bytes,2084525.8488244368,bps,64799,sec
690.000491 -- 691.00073,sec,1.0002390146255493,sec,260640,bytes,2084621.7449142274,bps,64706,sec
691.00073 -- 692.000225,sec,0.999495029449463,sec,521280,bytes,4172346.912317345,bps,61784,sec
692.000225 -- 693.000541,sec,1.0003160238265991,sec,260640,bytes,2084461.2605760351,bps,62144,sec
693.000541 -- 694.000379,sec,0.9998379945755005,sec,521280,bytes,4170915.7109703072,bps,55916,sec
694.000379 -- 695.000145,sec,0.9997659921646118,sec,521280,bytes,4171216.097249854,bps,57029,sec
695.000145 -- 696.000474,sec,1.00032901763916,sec,260640,bytes,2084434.1843856687,bps,50729,sec
696.000474 -- 697.000258,sec,0.999783992767334,sec,521280,bytes,4171140.99662374,bps,50264,sec
697.000258 -- 698.000686,sec,1.0004279613494873,sec,260640,bytes,2084228.0309592313,bps,58564,sec
698.000686 -- 699.000516,sec,0.9998300075531006,sec,521280,bytes,4170949.0298314737,bps,52304,sec
699.000516 -- 700.000292,sec,0.999776005744934,sec,521280,bytes,4171174.3190843533,bps,49165,sec
700.000292 -- 701.000191,sec,0.9998990297317505,sec,521280,bytes,4170661.112771334,bps,51925,sec
701.000191 -- 702.000563,sec,1.000372052192688,sec,260640,bytes,2084344.5150528573,bps,63816,sec
702.000563 -- 703.00034,sec,0.9997770190238953,sec,521280,bytes,4171170.091578519,bps,46813,sec
703.00034 -- 704.000753,sec,1.000412940979004,sec,260640,bytes,2084259.3239142848,bps,47718,sec
704.000753 -- 705.00055,sec,0.999796986579895,sec,521280,bytes,4171086.786594101,bps,47025,sec
705.00055 -- 706.000302,sec,0.9997519850730896,sec,521280,bytes,4171274.538349752,bps,48070,sec
706.000302 -- 707.000691,sec,1.0003889799118042,sec,260640,bytes,2084309.245573484,bps,48836,sec
707.000691 -- 708.000489,sec,0.9997979998588562,sec,521280,bytes,4171082.559265694,bps,48234,sec
708.000489 -- 709.000203,sec,0.9997140169143677,sec,521280,bytes,4171432.9592692,bps,51758,sec
709.000203 -- 710.000618,sec,1.0004149675369263,sec,260640,bytes,2084255.1017940824,bps,43858,sec
710.000618 -- 711.000486,sec,0.9998679757118225,sec,521280,bytes,4170790.6456661313,bps,48184,sec
711.000486 -- 712.000271,sec,0.999785006046295,sec,521280,bytes,4171136.769185451,bps,54222,sec
712.000271 -- 713.000669,sec,1.00039803981781,sec,260640,bytes,2084290.3694410843,bps,42834,sec
713.000669 -- 714.000477,sec,0.9998080134391785,sec,521280,bytes,4171040.7837751233,bps,46442,sec
714.000477 -- 715.000273,sec,0.999795973300934,sec,521280,bytes,4171091.013931077,bps,56518,sec
715.000273 -- 716.000635,sec,1.0003620386123657,sec,260640,bytes,2084365.379250433,bps,50997,sec
716.000635 -- 717.000474,sec,0.9998390078544617,sec,521280,bytes,4170911.4839886576,bps,49261,sec
717.000474 -- 718.000249,sec,0.999774992465973,sec,521280,bytes,4171178.546598757,bps,50682,sec
718.000249 -- 719.000654,sec,1.000404953956604,sec,260640,bytes,2084275.964201642,bps,44360,sec
719.000654 -- 720.000371,sec,0.9997169971466064,sec,521280,bytes,4171420.5239109714,bps,65736,sec
720.000371 -- 721.000153,sec,0.9997820258140564,sec,521280,bytes,4171149.202851941,bps,59540,sec
721.000153 -- 722.000555,sec,1.0004019737243652,sec,260640,bytes,2084282.1733321575,bps,57265,sec
722.000555 -- 723.000362,sec,0.9998070001602173,sec,521280,bytes,4171045.011018853,bps,48807,sec
723.000362 -- 724.000032,sec,0.9996700286865234,sec,521280,bytes,4171616.5137803727,bps,51597,sec
724.000032 -- 725.000539,sec,1.0005069971084595,sec,260640,bytes,2084063.3858895078,bps,58486,sec
725.000539 -- 726.000161,sec,0.9996219873428345,sec,521280,bytes,4171816.999629238,bps,52882,sec
726.000161 -- 727.000621,sec,1.0004600286483765,sec,260640,bytes,2084161.2261281456,bps,62860,sec
727.000621 -- 728.000434,sec,0.9998130202293396,sec,521280,bytes,4171019.896343638,bps,50090,sec
728.000434 -- 729.000202,sec,0.9997680187225342,sec,521280,bytes,4171207.6420773845,bps,53846,sec
729.000202 -- 730.000623,sec,1.0004210472106934,sec,260640,bytes,2084242.4355361087,bps,47729,sec
730.000623 -- 731.000386,sec,0.999763011932373,sec,521280,bytes,4171228.5313892844,bps,58789,sec
731.000386 -- 732.000154,sec,0.9997680187225342,sec,521280,bytes,4171207.6420773845,bps,51453,sec
732.000154 -- 733.000578,sec,1.0004240274429321,sec,260640,bytes,2084236.2266423504,bps,49829,sec
733.000578 -- 734.00039,sec,0.9998120069503784,sec,521280,bytes,4171024.12354503,bps,53400,sec
734.00039 -- 735.000154,sec,0.9997640252113342,sec,521280,bytes,4171224.30377356,bps,52556,sec
735.000154 -- 736.000521,sec,1.0003670454025269,sec,260640,bytes,2084354.947099433,bps,58457,sec
736.000521 -- 737.000323,sec,0.999801993370056,sec,521280,bytes,4171065.8987018755,bps,49192,sec
737.000323 -- 738.00074,sec,1.0004169940948486,sec,260640,bytes,2084250.879690986,bps,51391,sec
738.00074 -- 739.000495,sec,0.999755024909973,sec,521280,bytes,4171261.855248515,bps,48737,sec
739.000495 -- 740.000274,sec,0.999778985977173,sec,521280,bytes,4171161.885268126,bps,50175,sec
740.000274 -- 741.000628,sec,1.0003540515899658,sec,260640,bytes,2084382.021231287,bps,51446,sec
741.000628 -- 742.000419,sec,0.9997910261154175,sec,521280,bytes,4171111.65340524,bps,60297,sec
742.000419 -- 743.000231,sec,0.9998120069503784,sec,521280,bytes,4171024.12354503,bps,51390,sec
743.000231 -- 744.000631,sec,1.0003999471664429,sec,260640,bytes,2084286.3955620395,bps,40449,sec
744.000631 -- 745.000463,sec,0.9998319745063782,sec,521280,bytes,4170940.824390886,bps,46624,sec
745.000463 -- 746.000219,sec,0.9997559785842896,sec,521280,bytes,4171257.8762522563,bps,55202,sec
746.000219 -- 747.000625,sec,1.00040602684021,sec,260640,bytes,2084273.7289237124,bps,49599,sec
747.000625 -- 748.000436,sec,0.9998109936714172,sec,521280,bytes,4171028.3507549907,bps,51645,sec
748.000436 -- 749.000201,sec,0.9997649788856506,sec,521280,bytes,4171220.324848943,bps,53292,sec
749.000201 -- 750.000641,sec,1.000440001487732,sec,260640,bytes,2084202.94760232,bps,43577,sec
750.000641 -- 751.000447,sec,0.999805986881256,sec,521280,bytes,4171049.238271151,bps,47848,sec
751.000447 -- 752.00027,sec,0.999822974205017,sec,521280,bytes,4170978.3707619407,bps,52415,sec
752.00027 -- 753.000655,sec,1.000385046005249,sec,260640,bytes,2084317.4418953273,bps,50596,sec
753.000655 -- 754.00046,sec,0.999804973602295,sec,521280,bytes,4171053.465532018,bps,45649,sec
754.00046 -- 755.000288,sec,0.9998279809951782,sec,521280,bytes,4170957.483955544,bps,48040,sec
755.000288 -- 756.000615,sec,1.0003269910812378,sec,260640,bytes,2084438.407231446,bps,46668,sec
756.000615 -- 757.000431,sec,0.9998160004615784,sec,521280,bytes,4171007.4634480276,bps,45799,sec
757.000431 -- 758.000212,sec,0.9997810125350952,sec,521280,bytes,4171153.4303154335,bps,48514,sec
758.000212 -- 759.000643,sec,1.000430941581726,sec,260640,bytes,2084221.8221512942,bps,44823,sec
759.000643 -- 760.00042,sec,0.9997770190238953,sec,521280,bytes,4171170.091578519,bps,51042,sec
760.00042 -- 761.000182,sec,0.999761998653412,sec,521280,bytes,4171232.759013578,bps,49906,sec
761.000182 -- 762.000638,sec,1.0004559755325317,sec,260640,bytes,2084169.6696250062,bps,43552,sec
762.000638 -- 763.000469,sec,0.9998310208320618,sec,521280,bytes,4170944.80278229,bps,39868,sec
763.000469 -- 764.000296,sec,0.9998270273208618,sec,521280,bytes,4170961.46237873,bps,51840,sec
764.000296 -- 765.000637,sec,1.0003410577774048,sec,260640,bytes,2084409.0960664933,bps,57948,sec
765.000637 -- 766.000438,sec,0.999800980091095,sec,521280,bytes,4171070.1259965124,bps,51551,sec
766.000438 -- 767.00004,sec,0.9996020197868347,sec,521280,bytes,4171900.333784144,bps,58941,sec
767.00004 -- 768.000547,sec,1.0005069971084595,sec,260640,bytes,2084063.3858895078,bps,50135,sec
768.000547 -- 769.000294,sec,0.9997469782829285,sec,521280,bytes,4171295.428331689,bps,52030,sec
769.000294 -- 770.000667,sec,1.0003730058670044,sec,260640,bytes,2084342.5280082063,bps,48718,sec
770.000667 -- 771.000428,sec,0.9997609853744507,sec,521280,bytes,4171236.986646441,bps,46849,sec
771.000428 -- 772.000295,sec,0.999867022037506,sec,521280,bytes,4170794.62377105,bps,47355,sec
772.000295 -- 773.000682,sec,1.0003869533538818,sec,260640,bytes,2084313.46791305,bps,53413,sec
773.000682 -- 774.000508,sec,0.9998260140419006,sec,521280,bytes,4170965.68946168,bps,51121,sec
774.000508 -- 775.000224,sec,0.9997159838676453,sec,521280,bytes,4171424.75192445,bps,55156,sec
775.000224 -- 776.000662,sec,1.0004379749298096,sec,260640,bytes,2084207.1695112246,bps,56087,sec
776.000662 -- 777.000427,sec,0.9997649788856506,sec,521280,bytes,4171220.324848943,bps,64531,sec
777.000427 -- 778.000196,sec,0.9997689723968506,sec,521280,bytes,4171203.6631845534,bps,51965,sec
778.000196 -- 779.000579,sec,1.0003830194473267,sec,260640,bytes,2084321.664268101,bps,41132,sec
779.000579 -- 780.000254,sec,0.9996749758720398,sec,521280,bytes,4171595.8693096247,bps,50233,sec
780.000254 -- 781.000202,sec,0.999948024749756,sec,521280,bytes,4170456.7605337612,bps,54240,sec
781.000202 -- 782.00057,sec,1.0003679990768433,sec,260640,bytes,2084352.9600348917,bps,45135,sec
782.00057 -- 783.000498,sec,0.9999279975891113,sec,521280,bytes,4170540.288955513,bps,69969,sec
783.000498 -- 784.000187,sec,0.999688982963562,sec,521280,bytes,4171537.4192055115,bps,54408,sec
784.000187 -- 785.000562,sec,1.0003750324249268,sec,260640,bytes,2084338.3055509015,bps,43137,sec
785.000562 -- 786.000237,sec,0.9996749758720398,sec,521280,bytes,4171595.8693096247,bps,56292,sec
786.000237 -- 787.000561,sec,1.000324010848999,sec,260640,bytes,2084444.6173298475,bps,47513,sec
787.000561 -- 788.000338,sec,0.9997770190238953,sec,521280,bytes,4171170.091578519,bps,52903,sec
788.000338 -- 789.000164,sec,0.9998260140419006,sec,521280,bytes,4170965.68946168,bps,48889,sec
789.000164 -- 790.00056,sec,1.0003960132598877,sec,260640,bytes,2084294.591704173,bps,52046,sec
790.00056 -- 791.000322,sec,0.999761998653412,sec,521280,bytes,4171232.759013578,bps,48967,sec
791.000322 -- 792.000212,sec,0.9998900294303894,sec,521280,bytes,4170698.6541066663,bps,65302,sec
792.000212 -- 793.000526,sec,1.0003139972686768,sec,260640,bytes,2084465.48353152,bps,53895,sec
793.000526 -- 794.000375,sec,0.999849021434784,sec,521280,bytes,4170869.71192481,bps,57305,sec
794.000375 -- 795.000181,sec,0.999805986881256,sec,521280,bytes,4171049.238271151,bps,48649,sec
795.000181 -- 796.000616,sec,1.0004349946975708,sec,260640,bytes,2084213.378231863,bps,49745,sec
796.000616 -- 797.000426,sec,0.999809980392456,sec,521280,bytes,4171032.57797352,bps,58759,sec
797.000426 -- 798.000183,sec,0.9997569918632507,sec,521280,bytes,4171253.64857705,bps,62204,sec
798.000183 -- 799.000587,sec,1.0004040002822876,sec,260640,bytes,2084277.951119382,bps,53129,sec
799.000587 -- 800.000391,sec,0.9998040199279785,sec,521280,bytes,4171057.444138308,bps,47561,sec
800.000391 -- 801.00026,sec,0.9998689889907837,sec,521280,bytes,4170786.418937971,bps,49957,sec
801.00026 -- 802.000537,sec,1.000277042388916,sec,260640,bytes,2084542.4933678405,bps,50033,sec
802.000537 -- 803.000392,sec,0.9998549818992615,sec,521280,bytes,4170844.8479983318,bps,59846,sec
803.000392 -- 804.000132,sec,0.9997400045394897,sec,521280,bytes,4171324.52544093,bps,59452,sec
804.000132 -- 805.000572,sec,1.000440001487732,sec,260640,bytes,2084202.94760232,bps,58929,sec
805.000572 -- 806.000373,sec,0.999800980091095,sec,521280,bytes,4171070.1259965124,bps,63169,sec
806.000373 -- 807.000195,sec,0.9998220205307007,sec,521280,bytes,4170982.349224972,bps,47585,sec
807.000195 -- 808.000631,sec,1.0004359483718872,sec,260640,bytes,2084211.3914372341,bps,53508,sec
808.000631 -- 809.000429,sec,0.9997979998588562,sec,521280,bytes,4171082.559265694,bps,51657,sec
809.000429 -- 810.000201,sec,0.999772012233734,sec,521280,bytes,4171190.980514316,bps,52443,sec
810.000201 -- 811.000547,sec,1.0003459453582764,sec,260640,bytes,2084398.9118716416,bps,69651,sec
811.000547 -- 812.000362,sec,0.9998149871826172,sec,521280,bytes,4171011.690624219,bps,56317,sec
812.000362 -- 813.000159,sec,0.999796986579895,sec,521280,bytes,4171086.786594101,bps,49605,sec
813.000159 -- 814.000583,sec,1.0004240274429321,sec,260640,bytes,2084236.2266423504,bps,48948,sec
814.000583 -- 815.000403,sec,0.9998199939727783,sec,521280,bytes,4170990.8034841134,bps,61373,sec
815.000403 -- 816.000726,sec,1.0003230571746826,sec,260640,bytes,2084446.604569151,bps,45788,sec
816.000726 -- 817.000452,sec,0.9997259974479675,sec,521280,bytes,4171382.96957917,bps,54559,sec
817.000452 -- 818.000289,sec,0.9998369812965393,sec,521280,bytes,4170919.9379605246,bps,48311,sec
818.000289 -- 819.000695,sec,1.00040602684021,sec,260640,bytes,2084273.7289237124,bps,102235,sec
819.000695 -- 820.000411,sec,0.9997159838676453,sec,521280,bytes,4171424.75192445,bps,59727,sec
820.000411 -- 821.000194,sec,0.9997829794883728,sec,521280,bytes,4171145.2240706,bps,49463,sec
821.000194 -- 822.000587,sec,1.000393033027649,sec,260640,bytes,2084300.8009456731,bps,58171,sec
822.000587 -- 823.000367,sec,0.999779999256134,sec,521280,bytes,4171157.6577874953,bps,47854,sec
823.000367 -- 824.0002,sec,0.9998329877853394,sec,521280,bytes,4170936.597358334,bps,53333,sec
824.0002 -- 825.000624,sec,1.0004240274429321,sec,260640,bytes,2084236.2266423504,bps,57386,sec
825.000624 -- 826.000433,sec,0.9998090267181396,sec,521280,bytes,4171036.556539962,bps,94692,sec
826.000433 -- 827.000713,sec,1.0002800226211548,sec,260640,bytes,2084536.28268623,bps,48364,sec
827.000713 -- 828.000527,sec,0.999813973903656,sec,521280,bytes,4171015.917808979,bps,52843,sec
828.000527 -- 829.000301,sec,0.9997739791870117,sec,521280,bytes,4171182.77412173,bps,59088,sec
829.000301 -- 830.000679,sec,1.0003780126571655,sec,260640,bytes,2084332.096085943,bps,58799,sec
830.000679 -- 831.000365,sec,0.9996860027313232,sec,521280,bytes,4171549.855260701,bps,59997,sec
831.000365 -- 832.000212,sec,0.9998469948768616,sec,521280,bytes,4170878.1657273425,bps,53743,sec
832.000212 -- 833.000562,sec,1.000349998474121,sec,260640,bytes,2084390.4665172463,bps,64115,sec
833.000562 -- 834.000394,sec,0.9998319745063782,sec,521280,bytes,4170940.824390886,bps,64155,sec
834.000394 -- 835.000155,sec,0.9997609853744507,sec,521280,bytes,4171236.986646441,bps,73112,sec
835.000155 -- 836.000561,sec,1.00040602684021,sec,260640,bytes,2084273.7289237124,bps,51957,sec
836.000561 -- 837.000368,sec,0.9998070001602173,sec,521280,bytes,4171045.011018853,bps,46031,sec
837.000368 -- 838.000193,sec,0.9998250007629395,sec,521280,bytes,4170969.9165531993,bps,46021,sec
838.000193 -- 839.000554,sec,1.00036096572876,sec,260640,bytes,2084367.6147249476,bps,64293,sec
839.000554 -- 840.000342,sec,0.999787986278534,sec,521280,bytes,4171124.3355930867,bps,46215,sec
840.000342 -- 841.000713,sec,1.000370979309082,sec,260640,bytes,2084346.7504826186,bps,60566,sec
841.000713 -- 842.00051,sec,0.999796986579895,sec,521280,bytes,4171086.786594101,bps,43851,sec
842.00051 -- 843.00029,sec,0.999779999256134,sec,521280,bytes,4171157.6577874953,bps,47534,sec
843.00029 -- 844.000103,sec,0.9998130202293396,sec,521280,bytes,4171019.896343638,bps,51987,sec
844.000103 -- 845.000486,sec,1.0003830194473267,sec,260640,bytes,2084321.664268101,bps,57404,sec
845.000486 -- 846.000167,sec,0.999680995941162,sec,521280,bytes,4171570.7480003415,bps,50793,sec
846.000167 -- 847.000661,sec,1.0004940032958984,sec,260640,bytes,2084090.4524475404,bps,53908,sec
847.000661 -- 848.000338,sec,0.999677002429962,sec,521280,bytes,4171587.41259747,bps,55994,sec
848.000338 -- 849.000127,sec,0.999788999557495,sec,521280,bytes,4171120.1081885686,bps,57933,sec
849.000127 -- 850.000528,sec,1.0004010200500488,sec,260640,bytes,2084284.1602617358,bps,52789,sec
850.000528 -- 851.00031,sec,0.9997820258140564,sec,521280,bytes,4171149.202851941,bps,61130,sec
851.00031 -- 852.000192,sec,0.9998819828033447,sec,521280,bytes,4170732.2181243827,bps,56154,sec
852.000192 -- 853.00059,sec,1.00039803981781,sec,260640,bytes,2084290.3694410843,bps,40458,sec
853.00059 -- 854.000345,sec,0.999755024909973,sec,521280,bytes,4171261.855248515,bps,50077,sec
854.000345 -- 855.000644,sec,1.0002989768981934,sec,260640,bytes,2084496.78361734,bps,44079,sec
855.000644 -- 856.000435,sec,0.9997910261154175,sec,521280,bytes,4171111.65340524,bps,60670,sec
856.000435 -- 857.000167,sec,0.99973201751709,sec,521280,bytes,4171357.8508339734,bps,46808,sec
857.000167 -- 858.000648,sec,1.0004810094833374,sec,260640,bytes,2084117.5197086306,bps,45512,sec
858.000648 -- 859.000192,sec,0.9995440244674683,sec,521280,bytes,4172142.39485029,bps,71188,sec
859.000192 -- 860.000626,sec,1.0004340410232544,sec,260640,bytes,2084215.3650302796,bps,50318,sec
860.000626 -- 861.000496,sec,0.999870002269745,sec,521280,bytes,4170782.192218377,bps,50106,sec
861.000496 -- 862.000272,sec,0.999776005744934,sec,521280,bytes,4171174.3190843533,bps,50803,sec
862.000272 -- 863.000708,sec,1.0004359483718872,sec,260640,bytes,2084211.3914372341,bps,50512,sec
863.000708 -- 864.000501,sec,0.999792993068695,sec,521280,bytes,4171103.4473247863,bps,53590,sec
864.000501 -- 865.000294,sec,0.999792993068695,sec,521280,bytes,4171103.4473247863,bps,53599,sec
865.000294 -- 866.000663,sec,1.00036895275116,sec,260640,bytes,2084350.9729741388,bps,41906,sec
866.000663 -- 867.000439,sec,0.999776005744934,sec,521280,bytes,4171174.3190843533,bps,54898,sec
867.000439 -- 868.000242,sec,0.9998030066490173,sec,521280,bytes,4171061.6714158077,bps,50662,sec
868.000242 -- 869.000609,sec,1.0003670454025269,sec,260640,bytes,2084354.947099433,bps,53265,sec
869.000609 -- 870.000444,sec,0.9998350143432617,sec,521280,bytes,4170928.1433189334,bps,49442,sec
870.000444 -- 871.00025,sec,0.999805986881256,sec,521280,bytes,4171049.238271151,bps,54261,sec
871.00025 -- 872.000668,sec,1.000417947769165,sec,260640,bytes,2084248.8928248591,bps,44817,sec
872.000668 -- 873.00047,sec,0.999801993370056,sec,521280,bytes,4171065.8987018755,bps,50098,sec
873.00047 -- 874.000268,sec,0.9997979998588562,sec,521280,bytes,4171082.559265694,bps,48837,sec
874.000268 -- 875.000694,sec,1.0004260540008545,sec,260640,bytes,2084232.0046157246,bps,52032,sec
875.000694 -- 876.000394,sec,0.9997000098228455,sec,521280,bytes,4171491.4064460183,bps,53860,sec
876.000394 -- 877.000194,sec,0.9998000264167786,sec,521280,bytes,4171074.104634586,bps,48660,sec
877.000194 -- 878.000526,sec,1.000331997871399,sec,260640,bytes,2084427.9743494317,bps,52577,sec
878.000526 -- 879.000306,sec,0.999779999256134,sec,521280,bytes,4171157.6577874953,bps,50278,sec
879.000306 -- 880.0007,sec,1.0003939867019653,sec,260640,bytes,2084298.813984368,bps,52125,sec
880.0007 -- 881.00039,sec,0.9996899962425232,sec,521280,bytes,4171533.190963638,bps,65801,sec
881.00039 -- 882.000809,sec,1.000419020652771,sec,260640,bytes,2084246.6576049945,bps,51413,sec
882.000809 -- 883.000428,sec,0.9996190071105957,sec,521280,bytes,4171829.437351438,bps,54802,sec
883.000428 -- 884.00073,sec,1.0003019571304321,sec,260640,bytes,2084490.5732081013,bps,57725,sec
884.00073 -- 885.00027,sec,0.9995399713516235,sec,521280,bytes,4172159.312809483,bps,61024,sec
885.00027 -- 886.00064,sec,1.0003700256347656,sec,260640,bytes,2084348.7375353205,bps,54131,sec
886.00064 -- 887.000328,sec,0.9996880292892456,sec,521280,bytes,4171541.3987351046,bps,58186,sec
887.000328 -- 888.000192,sec,0.9998639822006226,sec,521280,bytes,4170807.3040311215,bps,57874,sec
888.000192 -- 889.000558,sec,1.000365972518921,sec,260640,bytes,2084357.1825515707,bps,49954,sec
889.000558 -- 890.000356,sec,0.9997979998588562,sec,521280,bytes,4171082.559265694,bps,55811,sec
890.000356 -- 891.000155,sec,0.9997990131378174,sec,521280,bytes,4171078.3319458556,bps,43577,sec
891.000155 -- 892.000548,sec,1.000393033027649,sec,260640,bytes,2084300.8009456731,bps,60502,sec
892.000548 -- 893.00037,sec,0.9998220205307007,sec,521280,bytes,4170982.349224972,bps,63829,sec
893.00037 -- 894.000117,sec,0.9997469782829285,sec,521280,bytes,4171295.428331689,bps,54139,sec
894.000117 -- 895.000574,sec,1.0004570484161377,sec,260640,bytes,2084167.4345750618,bps,50962,sec
895.000574 -- 896.000294,sec,0.9997199773788452,sec,521280,bytes,4171408.0886268835,bps,49997,sec
896.000294 -- 897.00019,sec,0.999895989894867,sec,521280,bytes,4170673.7922196044,bps,46339,sec
897.00019 -- 898.000538,sec,1.0003479719161987,sec,260640,bytes,2084394.6891858894,bps,56157,sec
898.000538 -- 899.000293,sec,0.999755024909973,sec,521280,bytes,4171261.855248515,bps,49052,sec
899.000293 -- 900.000705,sec,1.0004119873046875,sec,260640,bytes,2084261.310800299,bps,52423,sec
900.000705 -- 901.000504,sec,0.9997990131378174,sec,521280,bytes,4171078.3319458556,bps,47549,sec
901.000504 -- 902.000285,sec,0.9997810125350952,sec,521280,bytes,4171153.4303154335,bps,50823,sec
902.000285 -- 903.000733,sec,1.0004479885101318,sec,260640,bytes,2084186.3084808264,bps,47214,sec
903.000733 -- 904.000508,sec,0.999774992465973,sec,521280,bytes,4171178.546598757,bps,51106,sec
904.000508 -- 905.000223,sec,0.999714970588684,sec,521280,bytes,4171428.9799465,bps,50778,sec
905.000223 -- 906.000567,sec,1.0003440380096436,sec,260640,bytes,2084402.8861797433,bps,54928,sec
906.000567 -- 907.000369,sec,0.999801993370056,sec,521280,bytes,4171065.8987018755,bps,53631,sec
907.000369 -- 908.000174,sec,0.999804973602295,sec,521280,bytes,4171053.465532018,bps,60115,sec
908.000174 -- 909.000605,sec,1.000430941581726,sec,260640,bytes,2084221.8221512942,bps,58768,sec
909.000605 -- 910.000361,sec,0.9997559785842896,sec,521280,bytes,4171257.8762522563,bps,45967,sec
910.000361 -- 911.000154,sec,0.999792993068695,sec,521280,bytes,4171103.4473247863,bps,62334,sec
911.000154 -- 912.00053,sec,1.0003759860992432,sec,260640,bytes,2084336.3185180896,bps,44128,sec
912.00053 -- 913.000215,sec,0.999684989452362,sec,521280,bytes,4171554.083536356,bps,52223,sec
913.000215 -- 914.000495,sec,1.0002800226211548,sec,260640,bytes,2084536.28268623,bps,51791,sec
914.000495 -- 915.00025,sec,0.999755024909973,sec,521280,bytes,4171261.855248515,bps,55170,sec
915.00025 -- 916.000593,sec,1.0003429651260376,sec,260640,bytes,2084405.1217347109,bps,60666,sec
916.000593 -- 917.000334,sec,0.999741017818451,sec,521280,bytes,4171320.29763062,bps,47495,sec
917.000334 -- 918.00072,sec,1.0003859996795654,sec,260640,bytes,2084315.4549022946,bps,50483,sec
918.00072 -- 919.000448,sec,0.99972802400589,sec,521280,bytes,4171374.513730177,bps,55631,sec
919.000448 -- 920.000208,sec,0.9997599720954895,sec,521280,bytes,4171241.2142878734,bps,56366,sec
920.000208 -- 921.00062,sec,1.0004119873046875,sec,260640,bytes,2084261.310800299,bps,51604,sec
921.00062 -- 922.000429,sec,0.9998090267181396,sec,521280,bytes,4171036.556539962,bps,50054,sec
922.000429 -- 923.00019,sec,0.9997609853744507,sec,521280,bytes,4171236.986646441,bps,58909,sec
923.00019 -- 924.00049,sec,1.0003000497817993,sec,260640,bytes,2084494.547865751,bps,58318,sec
924.00049 -- 925.000238,sec,0.9997479915618896,sec,521280,bytes,4171291.2005803618,bps,47617,sec
925.000238 -- 926.000697,sec,1.0004589557647705,sec,260640,bytes,2084163.4611647744,bps,62914,sec
926.000697 -- 927.000385,sec,0.9996880292892456,sec,521280,bytes,4171541.3987351046,bps,57363,sec
927.000385 -- 928.000209,sec,0.9998239874839783,sec,521280,bytes,4170974.143653286,bps,57656,sec
928.000209 -- 929.000585,sec,1.0003759860992432,sec,260640,bytes,2084336.3185180896,bps,59521,sec
929.000585 -- 930.000351,sec,0.9997659921646118,sec,521280,bytes,4171216.097249854,bps,61077,sec
930.000351 -- 931.000782,sec,1.000430941581726,sec,260640,bytes,2084221.8221512942,bps,48093,sec
931.000782 -- 932.000463,sec,0.999680995941162,sec,521280,bytes,4171570.7480003415,bps,42273,sec
932.000463 -- 933.00029,sec,0.9998270273208618,sec,521280,bytes,4170961.46237873,bps,51928,sec
933.00029 -- 934.000684,sec,1.0003939867019653,sec,260640,bytes,2084298.813984368,bps,54766,sec
934.000684 -- 935.000498,sec,0.999813973903656,sec,521280,bytes,4171015.917808979,bps,49831,sec
935.000498 -- 936.000154,sec,0.9996560215950012,sec,521280,bytes,4171674.9661010127,bps,44374,sec
936.000154 -- 937.000564,sec,1.0004099607467651,sec,260640,bytes,2084265.5329456567,bps,53818,sec
937.000564 -- 938.00033,sec,0.9997659921646118,sec,521280,bytes,4171216.097249854,bps,47569,sec
938.00033 -- 939.000725,sec,1.0003950595855713,sec,260640,bytes,2084296.578657428,bps,53485,sec
939.000725 -- 940.000547,sec,0.9998220205307007,sec,521280,bytes,4170982.349224972,bps,60006,sec
940.000547 -- 941.00036,sec,0.9998130202293396,sec,521280,bytes,4171019.896343638,bps,56335,sec
941.00036 -- 942.000768,sec,1.0004080533981323,sec,260640,bytes,2084269.5067451491,bps,50062,sec
942.000768 -- 943.000525,sec,0.9997569918632507,sec,521280,bytes,4171253.64857705,bps,47113,sec
943.000525 -- 944.000273,sec,0.9997479915618896,sec,521280,bytes,4171291.2005803618,bps,56178,sec
944.000273 -- 945.000613,sec,1.0003399848937988,sec,260640,bytes,2084411.331634781,bps,50103,sec
945.000613 -- 946.000395,sec,0.9997820258140564,sec,521280,bytes,4171149.202851941,bps,58537,sec
946.000395 -- 947.000247,sec,0.9998520016670227,sec,521280,bytes,4170857.279924515,bps,46483,sec
947.000247 -- 948.000338,sec,1.0000909566879272,sec,260640,bytes,2084930.3616397462,bps,61565,sec
948.000338 -- 949.00039,sec,1.0000519752502441,sec,521280,bytes,4170023.261997434,bps,60253,sec
949.00039 -- 950.000193,sec,0.9998030066490173,sec,521280,bytes,4171061.6714158077,bps,46560,sec
950.000193 -- 951.000536,sec,1.0003429651260376,sec,260640,bytes,2084405.1217347109,bps,56979,sec
951.000536 -- 952.000289,sec,0.9997529983520508,sec,521280,bytes,4171270.31064077,bps,44995,sec
952.000289 -- 953.000153,sec,0.9998639822006226,sec,521280,bytes,4170807.3040311215,bps,54365,sec
953.000153 -- 954.000597,sec,1.0004440546035767,sec,260640,bytes,2084194.5038358225,bps,46437,sec
954.000597 -- 955.000338,sec,0.999741017818451,sec,521280,bytes,4171320.29763062,bps,50673,sec
955.000338 -- 956.000189,sec,0.9998509883880615,sec,521280,bytes,4170861.5067963,bps,55889,sec
956.000189 -- 957.0005,sec,1.000311017036438,sec,260640,bytes,2084471.6937912581,bps,41857,sec
957.0005 -- 958.000291,sec,0.9997910261154175,sec,521280,bytes,4171111.65340524,bps,50235,sec
958.000291 -- 959.0007,sec,1.0004090070724487,sec,260640,bytes,2084267.5198435087,bps,50276,sec
959.0007 -- 960.000465,sec,0.9997649788856506,sec,521280,bytes,4171220.324848943,bps,48569,sec
960.000465 -- 961.000229,sec,0.9997640252113342,sec,521280,bytes,4171224.30377356,bps,50476,sec
961.000229 -- 962.000663,sec,1.0004340410232544,sec,260640,bytes,2084215.3650302796,bps,47944,sec
962.000663 -- 963.000374,sec,0.999710977077484,sec,521280,bytes,4171445.6434109746,bps,57503,sec
963.000374 -- 964.000739,sec,1.0003650188446045,sec,260640,bytes,2084359.169624163,bps,48400,sec
964.000739 -- 965.000503,sec,0.9997640252113342,sec,521280,bytes,4171224.30377356,bps,52844,sec
965.000503 -- 966.000153,sec,0.999650001525879,sec,521280,bytes,4171700.0886655236,bps,62351,sec
966.000153 -- 967.000574,sec,1.0004210472106934,sec,260640,bytes,2084242.4355361087,bps,59555,sec
967.000574 -- 968.000352,sec,0.9997779726982117,sec,521280,bytes,4171166.1127573266,bps,49475,sec
968.000352 -- 969.000739,sec,1.0003869533538818,sec,260640,bytes,2084313.46791305,bps,48131,sec
969.000739 -- 970.000531,sec,0.999791979789734,sec,521280,bytes,4171107.674695533,bps,48440,sec
970.000531 -- 971.000322,sec,0.9997910261154175,sec,521280,bytes,4171111.65340524,bps,60467,sec
971.000322 -- 972.000154,sec,0.9998319745063782,sec,521280,bytes,4170940.824390886,bps,51982,sec
972.000154 -- 973.000565,sec,1.000411033630371,sec,260640,bytes,2084263.2976901012,bps,55269,sec
973.000565 -- 974.000234,sec,0.9996690154075623,sec,521280,bytes,4171620.742191159,bps,44050,sec
974.000234 -- 975.000702,sec,1.0004680156707764,sec,260640,bytes,2084144.5876728054,bps,67244,sec
975.000702 -- 976.000434,sec,0.99973201751709,sec,521280,bytes,4171357.8508339734,bps,44874,sec
976.000434 -- 977.000193,sec,0.999759018421173,sec,521280,bytes,4171245.193252344,bps,47029,sec
977.000193 -- 978.000459,sec,1.0002659559249878,sec,260640,bytes,2084565.5974283381,bps,52018,sec
978.000459 -- 979.000287,sec,0.9998279809951782,sec,521280,bytes,4170957.483955544,bps,50563,sec
979.000287 -- 980.000651,sec,1.0003639459609985,sec,260640,bytes,2084361.4050853578,bps,55414,sec
980.000651 -- 981.000427,sec,0.999776005744934,sec,521280,bytes,4171174.3190843533,bps,55876,sec
981.000427 -- 982.000213,sec,0.9997860193252563,sec,521280,bytes,4171132.54175573,bps,54556,sec
982.000213 -- 983.000569,sec,1.0003559589385986,sec,260640,bytes,2084378.0470027507,bps,60813,sec
983.000569 -- 984.000382,sec,0.9998130202293396,sec,521280,bytes,4171019.896343638,bps,62760,sec
984.000382 -- 985.000194,sec,0.9998120069503784,sec,521280,bytes,4171024.12354503,bps,42294,sec
985.000194 -- 986.000579,sec,1.000385046005249,sec,260640,bytes,2084317.4418953273,bps,53242,sec
986.000579 -- 987.000401,sec,0.9998220205307007,sec,521280,bytes,4170982.349224972,bps,52445,sec
987.000401 -- 988.000203,sec,0.999801993370056,sec,521280,bytes,4171065.8987018755,bps,57527,sec
988.000203 -- 989.00061,sec,1.0004069805145264,sec,260640,bytes,2084271.7420140223,bps,50164,sec
989.00061 -- 990.0004,sec,0.9997900128364563,sec,521280,bytes,4171115.88079262,bps,66252,sec
990.0004 -- 991.000208,sec,0.9998080134391785,sec,521280,bytes,4171040.7837751233,bps,53774,sec
991.000208 -- 992.000643,sec,1.0004349946975708,sec,260640,bytes,2084213.378231863,bps,64157,sec
992.000643 -- 993.000416,sec,0.9997730255126953,sec,521280,bytes,4171186.7529747086,bps,54447,sec
993.000416 -- 994.000192,sec,0.999776005744934,sec,521280,bytes,4171174.3190843533,bps,55420,sec
994.000192 -- 995.000569,sec,1.0003770589828491,sec,260640,bytes,2084334.0831107046,bps,61310,sec
995.000569 -- 996.000268,sec,0.9996989965438843,sec,521280,bytes,4171495.6346031874,bps,50281,sec
996.000268 -- 997.000612,sec,1.0003440380096436,sec,260640,bytes,2084402.8861797433,bps,63318,sec
997.000612 -- 998.000247,sec,0.9996349811553955,sec,521280,bytes,4171762.772027009,bps,49941,sec
998.000247 -- 999.000636,sec,1.0003889799118042,sec,260640,bytes,2084309.245573484,bps,44716,sec
999.000636 -- 1000.000407,sec,0.999770998954773,sec,521280,bytes,4171195.2080624923,bps,51661,sec
